N°,Couleur,inventaire,Format,Etagère,"valeur stock(€)",Région,Appellation,Domaine,Cuvée,Millésime,Date d'achat,Fournisseur,Qté,Prix unitaire (€),franc,"Prix total (€)",boire à partir de,apogée début,apogée fin,boire avant,Commentaires,Cote unitaire,Cote Totale
440.2,B,0,,,0,Alsace,Alsace,Vignerons de Turckeim,Riesling Brand,1999,0,,,0.0,,,,,,,,,
440.1,B,1,,D9,0,Alsace,Alsace,Domaine André Ecklé ,Riesling Kaefferkopf Grand cru,2011,0,,,0.0,,,,,,,,,
238.1,B doux,5,,J2,20,Bordeaux,Sauternes,Château Rayne Vigneau,,1997,0,,6,4.0,79.0,24,,,,,,,
467.1,B,1,,A5,0,Bordeaux,Bordeaux sec,Château Guiraud,G Château Guiraud,2016,0,,1,0.0,,,,,,,,,
881.1,B,3,,B4,12,Bordeaux,Graves,Château Camarset,,2015,0,au Domaine,3,4.0,,12,2018,2020,2021,2021,vin de Vincent Canu,,
881.2,B,3,,B4,12,Bordeaux,Graves,Château Camarset,,2016,0,au Domaine,3,4.0,,12,2019,2020,2022,2022,vin de Vincent Canu,,
409.1,B,3,,M1,0,Bordeaux,Pessac-Léognan,Château Malartic Lagravière,Blanc,2016,0,,3,0.0,,0,,,,,,,
,B,3,,M1,0,Bordeaux,Pessac-Léognan,Château Smith Haut Lafitte,Blanc,2016,0,,3,0.0,,0,,,,,,,
905.1,B,1,,S3,,Bordeaux,Bordeaux contrôlé,Le sec de rayne Vigneau,Blanc,2016,0,,1,0.0,,,,,,,,,
339.1,,1,,B3,0,Bordeaux,Margaux,Haut-de-Giscours,,2006,0,,,0.0,,,,,,,Cadeau,,
762.1,,1,,B3,0,Bordeaux,Pessac-Léognan,Château Fort d'Ornon,,1998,0,,1,0.0,,,,,,2020,Cadeau C&V du 11/05/19. A boire urgent,,
668.1,,1,,B3,0,Bordeaux,Saint-Estèphe,Château Haut-Marbuzet,,2003,0,,,0.0,,0,,,,,Acheté en primeur,,
482.1,,2,,T3,0,Bourgogne,Corton,Domaine Jacob,"Grand Cru ""Les Carrières""",2014,0,au Domaine,,0.0,,0,,2020,2025,,achetè aux Caves particulières,,
353.1,,1,0.5,K1,,Jura,Côtes de Jura,Domaine G. Quillot,Vin de Paille,2000,0,,,0.0,,,,,,,,,
612.1,B,1,,D17,5,Jura,Château Chalon,Domaine Marcel Cabelier,,1999,0,,1,5.3,,5,,,,,,,
612.2,B,1,,D18,5,Jura,Château Chalon,Domaine Marcel Cabelier,,2008,0,,1,5.3,,5,,,,,,,
938,,0,,,0,Languedoc,Saint-Chinian,Domaine de la Linquière,Le chant des cigales,2011,0,,1,2.7,,3,2015,2015,2021,2021,bu  avec François mai 2021. Très agréable sur tendrons de veau,,
428.2,B doux,4,,K15,,Loire,Bonnezeaux,Château Perray Jouannet,Domaine A. Laffourcade,1989,0,,,0.0,,,,,,,,,
386.1,B doux,1,,K5,,Loire,Côteaux du Layon,Château de Fesles,,2009,0,,1,0.0,,,,,,,,,
428.1,B doux,2,0.67,K11,,Loire,Côteaux du Layon,Domaine de la Rebellerie,Sélection de Grains Nobles,1995,0,,,0.0,,,,,,,,,
254.1,B doux,1,,K5,,Loire,Quart de Chaume,Château de Surronde,,1989,0,,,0.0,,,,,,,,,
,,3,,M3,0,Loire,Bourgeuil,Domaine Amirault-Grosbois,"""Les Caillottes""",2014,0,,,0.0,,0,,,,,,,
596.2,,2,,T2,0,Loire,Chinon,Domaine Charles Joguet,Clos de la Dioterie,2009,0,,,0.0,,0,,,,,Etiquettes picorées. 1b bue anniversaire Vincent 2021. Satisfaisant.,,
596.1,,5,,M4,0,Loire,Chinon,Domaine Charles Joguet,Clos de la Dioterie,2009,0,,6,0.0,,0,,,,,Etiquetttes correctes. 1b bue club vin 05022022. Très appréciée mais n'ont pas trouvé.,,
790.1,,4,,T5,21,Loire,Chinon,Domaine Philippe Alliet ,L'Huisserie,2007,0,au Domaine,6,5.3,,32,,,,,1b bue en 01/2021 parfaite (tertiaire),,
768.1,,2,,T4,0,Loire,Sancerre,Domaine François Cotat,Les Monts Damnés,2014,0,,,0.0,,0,,,,,,,
768.3,,3,,T5,0,Loire,Sancerre,Domaine François Cotat,La Grande Côte,2014,0,,,0.0,,0,,,,,,,
768.2,,3,,T5,0,Loire,Sancerre,Domaine François Cotat,La Grande Côte,2015,0,,,0.0,,0,,,,,,,
392.1,,3,,G6,0,Loire,Saumur,Pay Notre Dame,Ecclesia cabernet franc,2014,0,,,0.0,,,,,,,,,
782.1,B,2,,K7,,Loire,Muscadet,Domaine Guilbaud,,2016,0,,,0.0,,,,,,,,,
428.3,B doux,0,,K9,,Loire ,Côteaux du Layon,Domaine de Saint André,,1989,0,,,0.0,,,,,,,,,
428.4,B doux,1,,K5,,Loire ,Côteaux du Layon,Domaine Taillandier,Trie de vendanges,2005,0,,,0.0,,,,,,,,,
958,,1,,Bo3,,Portugal,Porto,Fonseca Guimarens ,Vintage,1984,0,,,0.0,,,,,,,embourteillé en 1986,,
959,,1,,Bo3,,Portugal,Porto,Fonseca Guimarens ,Vintage,1988,0,,,0.0,,,,,,,embourteillé en 1988,,
960,,1,,Bo3,,Portugal,Porto,Nieport ,Colheita,1980,0,,,0.0,,,,,,,embouteillé en 2007,,
960.1,,1,,J4,,Portugal,Porto,Nieport ,Colheita,1980,0,,,0.0,,,,,,,embouteillé en 2007,,
957,,0,,Bo3,,Portugal,Porto,Quinta do covento Sao Pedro Das Aguias,,1987,0,,,0.0,,,,,,,Bu le 310121 anniv. Vincent. Correct.,,
956,,1,,Bo3,,Portugal,Porto,Taylor's Quinta de Terra Feita ,Vintage,1987,0,,,0.0,,,,,,,,,
939,,1,,S3,4,Provence,Bandol,Domaine castell-Reynoard,,2013,0,,1,4.3,,4,2015,2015,2021,2021,,,
893.1,,1,,S3,,Provence,Bandol,Domaine Castell-Reynouard,,2013,0,,,0.0,,,,,,,,,
147.1,,1,,B1,0,Rhône,Chateauneuf du pape,Château de Beaucastel,,2009,0,,1,0.0,,0,,,,,cadeau?,,
321.1,,1,,T2,0,Rhône,Crozes-Hermitage,Domaine Olivier Dumaine,La Croix de Verre,2010,0,,,0.0,,,,,,,cadeau?,,
849.1,,1,,G6,0,Rhône,Vin de France Syrah,Domaine Stéphane Ogier,Syrah d'Ogier,2015,0,,,0.0,,,,,,,,,
,B,1,,T2,0,Rhône,Crozes-Hermitage,Domaine Olivier Dumaine,"""La Croix de verre""",2010,0,,,0.0,,,,,,,urgent,,
,B doux,1,,G13,0,Roussillon,Rivesaltes ,Les caves du mont Tauch ,Maccbeo,,0,,,0.0,,,,,,,,,
,,1,,G13,0,Roussillon,Banyuls,Domaine de l'Etoile,doux paillé horsd'âge,,0,,,0.0,,,,,,,,,
,,1,,G13,0,Roussillon,Banyuls,Domaine de l'Etoile,Grand cru,1988,0,,,0.0,,,,,,,,,
,,1,,G13,0,Roussillon,Banyuls,Vinum rectoris,Fleur de pierre,,0,,,0.0,,,,,,,,,
,,1,,G13,0,Roussillon,Maury,Mas Amiel,vintage,1997,0,,,0.0,,,,,,,,,
475.1,,1,,A2,0,Roussillon,Rivesaltes ,Caves Arnaud de Villeneuve,,1988,0,,1,0.0,,,,,,,,,
732.1,,1,,G13,0,Roussillon,Rivesaltes ,Domaine Marc Parcé,Rivesaltes ambré,1979,0,,1,0.0,,0,,,,,élevé 39 ans en barrique. Mis en b en 2019.,,
853.1,,2,,A3,0,Sud-Ouest,Madiran,Château Bouscassé,,2000,0,,,0.0,,,,,,,,,
69,,1,,L3,28,Bordeaux,Margaux,Château Bel Air Marquis d'Aligre,,1858,19811128,Enchères Versailles,1,28.2,555.0,28,,,,,Antiquité. Acheté aux enchères (voir article commissaire priseur),,
104,,1,2,B4,5,Bordeaux,Pessac-Léognan,Château de Fieuzal,,1982,19830301,au Domaine,6,4.6,90.0,27,,,,2010,Etiquettes très abimées. 1Mg bu le 25 aout 2021 en Bretagne. Sur le déclin mais encore racé.,,
104.1,,3,2,J5,14,Bordeaux,Pessac-Léognan,Château de Fieuzal,,1982,19830301,au Domaine,6,4.6,90.0,27,,,,2010,,,
108,,1,2,B5,4,Provence,Bandol,Domaine Tempier,Cuvée Spéciale,1980,19830316,JM.Peyraud,5,3.8,74.0,19,,,,,,,
106,,2,2,B5,9,Provence,Bandol,Domaine Tempier,La Tourtine,1979,19830316,JM.Peyraud,4,4.6,90.0,18,,,,,,,
110,,1,,M5,4,Rhône,Côte Rotie,Domaine Guigal ,La Mouline,1979,19830322,E.Guigal,12,4.0,79.0,48,,,,,,,
118,,1,,B3,4,Bordeaux,Pauillac,Château Duhart- Milon,,1982,19830701,Hédiard,12,4.3,85.0,52,,,,,Primeur,,
147,,4,2,M4,18,Rhône,Chateauneuf du pape,Château de Beaucastel,,1982,19840612,Pierre Perrin,6,4.6,90.0,27,,,,,,,
153,,2,,Bo4,7,Languedoc,IGP St Guilhem-le-Désert– Cité d’Aniane,Mas Daumas Gassac ,Rouge,1985,19860925,au Domaine,12,3.4,67.0,41,,,,,Primeur,,
157,,0,,M5,0,Rhône,Côte-Rôtie,Domaine E. Guigal,La landonne,1983,19870401,au Domaine,2,7.5,148.0,15,,,,,dernière b bue avec Louis Duvochel en novembre 2021. Encore très appréciée.,,
177, B doux,5,,J2,31,Bordeaux,Sauternes,Château La Tour Blanche,,1988,19890624,Lestapis,12,6.2,122.2,74,,,,,Primeur,,
176, B doux,11,,B2,98,Bordeaux,Sauternes,Château Suduiraut,,1988,19890624,Lestapis,12,8.9,175.5,107,,,,,Primeur,,
180,,1,,A3,4,Rhône,IGP Alpilles,Domaine de Trévallon,,1987,19891228,au Domaine,9,4.1,80.0,37,,,,,entretien avec Eloi Durbach,,
185,B doux,2,,K12,14,Loire,Vouvray,Domaine Huet,Le Mont 1er trie,1989,19900505,au Domaine,6,7.1,140.0,43,,,,,,,
184,B doux,10,,K12/K13,46,Loire,Vouvray,Domaine Huet,Le Haut lieu,1989,19900505,au Domaine,18,4.6,90.0,82,,,,,,,
187,,2,,M4,5,Loire,Chinon,Domaine Charles Joguet,Varenne du Grand Clos,1989,19901003,au Domaine,6,2.3,46.0,14,,,,,,,
192,B,1,,D12,4,Alsace,Alsace ,Domaine Zindt Humbrecht,"Riesling ""Brand""",1988,19901106,au Domaine,3,4.4,87.0,13,,,,,1b bue le 31/01/2021 anniversaire Vincent. Pétrole. Très buvable encore.,,
191,B,2,,D3,10,Alsace,Alsace ,Domaine Zindt Humbrecht,"Gewurtztraminer ""Hengst""",1988,19901106,au Domaine,3,4.8,95.0,14,,,,,,,
190,B doux,0,,D2,0,Alsace,Alsace,Domaine Zindt Humbrecht,"Gewurtztraminer vendanges tardives ""Heimbourg""",1988,19901106,au Domaine,3,10.2,201.0,31,,,,,Bue avec louis et Anne-Marie Duvochel à Dampierre en nov 2021. B exceptionnelle! Une splendeur.,,
198,,2,,Bo5,15,Bourgogne,Echezeaux,Domaine Bouchard,Rouge,1990,19910720,Nicolas,12,7.5,147.0,90,,,,,Primeur,,
209,,2,,B3,11,Bordeaux,Haut-Médoc,Château Fellonneau,,1942,19911221,EnchèresRambouillet,4,5.6,110.0,22,,,,,,,
221,,1,4,J1,6,Languedoc,IGP St Guilhem-le-Désert– Cité d’Aniane,Mas daumas Gassac,rouge,1991,19930420,au Domaine,4,5.7,112.0,23,,,,,,,
226,,2,,B3,11,Bordeaux,Saint Julien,Château Gruaud Larose,,1990,19931009,Intermarché,12,5.6,110.0,67,,,,,Urgent épaule - 8b vendues en mars 2021 90€/b sans épaules,,
425.1,,1,,M2,2,Loire,Bourgueil,Domaine Audebert  ,Domaine du Grand Clos,1990,19940305,Entrepôts Ney,12,1.9,,23,,,,,,,
239,,3,,J4,17,Bordeaux,Saint-Emilion,Château Pavie Macquin,,1993,19940705,CVC,12,5.6,110.0,67,,,,,Primeur,,
246,B doux,1,,K10,2,Loire,Montlouis,Domaine Deletang,1/2 sec,1988,19941119,au Domaine,8,2.0,40.0,16,,,,,,,
248,B doux,1,,K10,6,Loire,Montlouis,Domaine Deletang,moelleux 90g résiduel,1990,19941119,au Domaine,2,5.6,110.0,11,,,,,,,
254,B doux,2,,K11,5,Loire,Bonnezeaux,Domaine de la Croix des Loges,,1983,19941211,Enchères Rambouillet,5,2.7,53.0,13,,,,,,,
270,R doux,2,,G7,4,Roussillon,Maury,Mas Amiel,Réserve ,1989,19950419,au Domaine,3,2.2,44.0,7,,,,,,,
269,R doux,3,,G12,8,Roussillon,Maury,Mas Amiel,vintage,1994,19950419,au Domaine,3,2.7,53.0,8,,,,,,,
274,,2,,A5,12,Bordeaux,Saint-Estèphe,Cos d'Estournel,,1994,19950526,CVC,6,5.9,116.0,35,,,,,1b bue en sept 2021 avec Vincent. Encore de beaux restes. Surtout au nez.,,
277,,1,,B3,4,Bordeaux,Pomerol,Château La Violette,,1995,19960501,CVC,12,4.3,84.0,51,,,,,Primeur,,
286,B,1,,D16,9,Jura,Arbois,Domaine Rolet,Vin jaune,1988,19961130,au Domaine,1,8.6,170.0,9,,,,,,,
297,,0,,S3,0,Languedoc,Côteaux du Languedoc,Mas Jullien,Depierre,1996,19980401,au Domaine,6,2.0,40.0,12,,,,,Dernière b bue le 22/01/2022 anniv Vincent. Buvable mais trop vieux.,,
300,B doux,8,,A2,77,Bordeaux,Sauternes,Château Rieussec,,1997,19980501,Duclot,12,9.7,190.0,116,,,,,botrytis. 1b bue club vin 05022022: excellent,,
304,B doux,1,,K7,4,Loire,Coteaux du Layon,Château du Breuil,Vieilles vignes,1997,19981204,au Domaine,4,4.0,78.0,16,,,,,acheté aux caves particulières,,
307,B doux,3,,A2,9,Roussillon,Muscat de Rivesaltes ,Domaine Cazes,,1998,19981204,au Domaine,5,3.0,60.0,15,,,,,acheté aux caves particulières,,
309,,1,2,Bo3,7,Provence,Bandol,Château de Pibarnon,,1998,19990421,au Domaine,6,7.3,144.0,44,,,,,primeur,,
316,B doux,2,0.67,K7,15,Loire,Coteaux du Layon,Château du Breuil,Orantium,1997,19991205,au Domaine,2,7.6,150.0,15,,,,,caves particulières,,
325,,4,,G6/G5,14,Roussillon,Rivesaltes ,?,Hors d'Age,1974,20000415,Auchan,6,3.4,67.0,20,,,,,,,
329,,5,,B29,23,Bordeaux,Pessac-Léognan,Abeille de Fieuzal,,1996,20000915,Auchan,12,4.6,90.0,55,,2005,2015,2020,,,
338,B doux,1,,B2,7,Bordeaux,Sauternes,Château Sigalas-Rabaud,,1998,20010701,Auchan,6,6.6,130.0,40,,,,,,,
339,,6,,B3,38,Bordeaux,Margaux,Château Giscours,,1998,20010701,Auchan,12,6.3,123.0,75,,,,,Urgent,,
341,B doux,3,0.67,J2,18,Bordeaux,Sauternes,Château Rayne-Vignaud,,1997,20010901,E. Leclerc,6,6.0,118.0,36,,,,,1b donnée à F déc2020. 1b bue avec C&V à Meudon 27122020,,
348,B,1,0.67,G3,6,Hongrie,Tokaji,Domaine Megyer,5 Puttonyos,1993,20010901,E. Leclerc,2,5.5,109.0,11,,,,,,,
345,B doux,1,0.67,K7,4,Loire,Côteaux de Saumur,Domaine de la Perruche,"""Les Rôtissants""",1995,20010901,E. Leclerc,2,3.9,76.0,8,,,,,,,
346,B doux,2,0.67,K9,6,Loire,Bonnezeaux,Domaine René Renou,Tri de vendange,1999,20010901,E. Leclerc,2,2.9,58.0,6,,,,,,,
353,B doux,2,0.5,K1,14,Jura,Arbois,Domaine Rolet,Vin de Paille,1997,20011201,au Domaine,3,6.9,135.0,21,,,,,dessert chocolat acheté aux caves particulières,,
373,B doux,6,0.5,J2,35,Bordeaux,Sauternes,Château La Tour Blanche,,2001,20020630,1855,6,5.8,,35,,,,,,,
372,B doux,6,,A2,86,Bordeaux,Sauternes,Château Rieussec,,2001,20020630,1855,6,14.3,,86,,,,,,,
371,B doux,6,,A2,75,Bordeaux,Sauternes,Château Suduiraut,,2001,20020630,1855,6,12.5,,75,,,,,,,
377,B doux,2,,K5,4,Loire,Côteaux du Layon,Domaine Dominique Dufour," ""Aussigoins""",1996,20021201,Grimbert Thales,18,2.2,,39,,,,,1b bue le 22/02/2022 Beaucoup de plaisir,,
379,,7,,Bo1,31,Bordeaux,Pessac-Léognan,Château La Louvière,,2001,20030902,Auchan,12,4.4,,53,,,,,,,
383,B doux,6,,A2,45,Bordeaux,Sauternes,Château Sigalas-Rabaud,,2001,20030906,Auchan,6,7.4,,45,,,,,,,
387,B doux,3,,A2,34,Bordeaux,Sauternes,Château La Tour Blanche,,2003,20040530,1855,3,11.2,,34,,,,,Acheté en primeur,,
389,B doux,1,,A2,12,Bordeaux,Sauternes,Château Lafaurie-Peyraguey,,2003,20040530,1855,1,11.6,,12,,,,,Acheté en primeur,,
390,B doux,1,,A2,12,Bordeaux,Sauternes,Château Rieussec,,2003,20040530,1855,1,12.4,,12,,,,,Acheté en primeur,,
388,B doux,1,,A2,13,Bordeaux,Sauternes,Château Suduiraut,,2003,20040530,1855,1,13.2,,13,,,,,Acheté en primeur,,
393,B doux,2,,A2,15,Bordeaux,Sauternes,Château Sigalas-Rabaud,,2002,20040904,Auchan,6,7.3,,44,,,,,,,
398,B doux,1,,B2,4,Bordeaux,Montbazillac,Château Haut-Theulet,,2002,20050928,E. Leclerc,2,4.0,,8,,,,,,,
402,,3,,L3,14,Bordeaux ,Côtes de Bourg,Château Tayac,cuvée prestige,2000,20051126,au Domaine,6,4.5,,27,,2005,2025,2027,Sortie œnologique Thales TOSA. 1b bue avec François  le 26/03/21: excellente,,
406,B,1,,D2,7,Alsace,Alsace,Domaine Paul Blanck,Gewurztraminer Furstentum,2001,20060311,au Domaine,2,6.8,,14,,,,,"péniche ""Vignobles et Signatures""",,
405,B,1,,D2,6,Alsace,Alsace,Domaine Paul Blanck,Riesling Furstentum,2002,20060311,au Domaine,3,5.5,,17,,,,,"péniche ""Vignobles et Signatures""",,
407,,5,,B3,49,Bordeaux,Saint-Estèphe,Château Haut-Marbuzet,,2005,20060603,1855,6,9.8,,59,,,,,Acheté en primeur,,
410.1,B,1,,A4,12,Bordeaux,Pessac-Léognan,Domaine de Chevalier,Blanc,2005,20060615,1855,6,12.3,,74,,,,,Acheté en primeur. Urgent,,
408,,2,,L4,9,Bordeaux,Moulis,Château Maucaillou,,2005,20060615,1855,6,4.6,,28,,,,,Acheté en primeur,,
409,,3,,A5,29,Bordeaux,Pessac-Léognan,Château Malartic Lagravière,,2005,20060615,1855,6,9.6,,58,,,,,Acheté en primeur_1b bue le 01/10/2021 avec D&C. Bonne facture.,,
410,,7,,A4,86,Bordeaux,Pessac-Léognan,Domaine de Chevalier,Rouge,2005,20060615,1855,6,12.3,,74,,,,,Acheté en primeur,,
411,,3,2,J5,19,Bordeaux,Côtes de Bourg,Château Martinat,,2004,20061125,Caves particulières,6,6.3,,38,,,,,,,
416,B,1,,G3,5,Jura,Arbois,Domaine Rollet,Savagnin cuvée Montessorin,2000,20061125,Caves particulières,4,4.7,,19,,,,,,,
417,B,2,,K2,5,Jura,Arbois,Domaine Ligier,Chardonnay,2005,20061125,Caves particulières,6,2.7,,16,,,,,,,
937,,6,,Bo2,10,Bordeaux,Lussac-Saint-Emilion,Vieux Château Chambeau,,2005,20070101,Vignery,6,1.7,,10,2008,2008,2010,2012,acheté pour Sylvaine Duvochel,,
421,,0,,L2,0,Provence,Bandol,Château de Pibarnon,,2004,20070420,au Domaine,6,8.3,,50,,,,,acheté au domaine avec les enfants. Dernière b bue avec Benoit et didier sur canard sauvage en nov 2021. A bien tenu la route.,,
422,,1,2,B5,24,Provence,Bandol,Domaine Tempier,La Tourtine,2000,20070420,au Domaine,3,23.7,,71,,,,,,,
423,,0,,M2,0,Rhône,Cornas,Domaine Clape,,2004,20070601,Nicolas,2,0.0,,0,,,,,cadeau Sophie et Henri. Dernière b bue avec F&V le 11/11/21. En pleine forme. 7/10,,
425,,6,,M2,13,Loire,Bourgueil,Domaine Audebert  ,Domaine du Grand Clos,2005,20070826,au Domaine,12,2.2,,26,,,,,,,
426,B doux,2,0.67,K9,6,Loire ,Côteaux du Layon,Domaine Philippe Delesvaux,Clos de la Guiberderie,2004,20070826,au Domaine,6,2.8,,17,,,,,"poulet rôti, confit, tarte Tatin",,
428,B doux,3,0.67,K6,25,Loire ,Côteaux du Layon,Domaine Philippe Delesvaux,Sélection de Grains Nobles,2005,20070826,au Domaine,2,8.2,,16,,,,,"apéritif, disgestif, foie gras",,
427,B doux,6,0.67,K8,18,Loire ,Côteaux du Layon,Domaine Philippe Delesvaux,Clos du Pavillon,2004,20070826,au Domaine,6,3.0,,18,,,,,,,
437,,5,,L4,32,Bordeaux,Pessac-Léognan,Château La Louvière,Rouge,2005,20070916,Intermarché,6,6.3,,38,,,,,,,
431,,1,,S3,6,Rhône,Chateauneuf du pape,Domaine de la Solitude,,2005,20070919,Auchan,2,6.0,,12,,,,,1b bue avec Olivier. Très agréable et très bien en point.,,
440,B,1,,D5,7,Alsace,Alsace ,Domaine René Muré,Clos Saint Landelin Pinot Gris,2003,20070920,Auchan,1,7.0,,7,2009,,,,,,
441,B doux,1,,D1,4,Alsace,Alsace ,Domaine des Anges,Gewurstraminer vendanges tardives,2005,20070920,Auchan,1,4.3,,4,2009,,,,,,
439,B doux,1,,D1,6,Alsace,Alsace ,Domaine Ernest Burn,Clos Saint Imer Muscat Goldert,2004,20070920,Auchan,1,5.7,,6,,,,,,,
442,B doux,1,0.67,D1,3,Alsace,Alsace ,Domaine K. Schiele,Gewurstraminer vendanges tardives,2000,20070920,Auchan,2,3.5,,7,2009,,,,,,
434,,3,,Bo5,20,Bourgogne,Morey Saint-Denis,Domaine Etienne Cosson,"1er cru ""Clos Sorbes""",2005,20070920,Auchan,6,6.7,,40,,,,,,,
433,,2,,T3,0,Bourgogne,Pommard ,Domaine Lejeune,"1er cru ""Les poutures""",2003,20070920,Auchan,6,0.0,,0,,,,,"Bu le 6/9/21 avec les amis. Excellent, nez superbe. Laisser s'ouvrir.",,
446,,6,,B3,50,Bordeaux,Pessac-Léognan,Domaine de Chevalier,,2004,20070921,Auchan,6,8.3,,50,,,,,,,
445,,2,2,Bo4,43,Bordeaux,Saint-Estèphe,Château Haut-Marbuzet,,2005,20070921,Auchan,2,21.7,,43,,,,,,,
447.1,,5,,J3,18,Bordeaux,Graves,Clos Floridène,Rouge,2005,20070925,E. Leclerc,6,3.6,,22,,,,,,,
447,,6,,B4,22,Bordeaux,Graves,Clos Floridène,Rouge,2005,20070925,E. Leclerc,6,3.6,,22,,,,,,,
449,,1,,G14,4,Roussillon,Rivesaltes , Domaine Riveyrac,Grande Réserve,1984,20070925,E. Leclerc,6,3.5,,21,,,,,,,
450,B,2,,D13,10,Jura,Vin jaune,Maison des vignerons,Vin Jaune,2000,20071002,Métro,6,5.0,,30,,,,,,,
454,B,0,,D1,0,Alsace,Alsace,Domaine Dopff au Moulin,Riesling Grand Cru Schoenenbourg,2004,20071004,Champion,6,2.7,,16,,,,,dernière b bue 26/12/2021 avec F&V. Très agréable.,,
456,,1,,T3,8,Bourgogne,Aloxe-Corton,Domaine Jacob,1er Cru ,2006,20071123,au Domaine,2,8.0,,16,,2011,2020,,achetè aux Caves particulières,,
459,,1,,T5,9,Bourgogne,Aloxe-Corton,Domaine André Château Corton,1er Cru,2005,20071125,au Domaine,3,9.0,,27,,,,,WE œnologique CE Guynemer. 1b bue le 12022022 avec FVS. Bon niveau.,,
461,,1,,M2,5,Bourgogne,Chassagne-Montrachet,Domaine Lamy-Pillot,"1er Cru ""Morgeot""  Rouge",2006,20071125,au Domaine,4,5.4,,21,,,,,WE œnologique CE Guynemer,,
463,,1,,M2,9,Bourgogne,Nuits-Saint-Georges,Domaine Patriarche,,2005,20071125,au Domaine,2,9.3,,19,,,,,WE œnologique CE Guynemer.  1b bue 26/12/2021 avec F&V. Décevant.,,
945,,3,,Bo5,15,Bordeaux,Saint-Emilion,Château Moine Vieux,,2005,20080101,Vignery,3,5.0,,15,,,,2020,acheté pour Sylvaine Duvochel,,
466,B doux,6,,B2,53,Bordeaux,Sauternes,Château Doisy Daëne,,2007,20080526,Château Internet,6,8.8,,53,,,,,acheté en Primeur,,
467,B doux,6,,B2,59,Bordeaux,Sauternes,Château Guiraud,,2007,20080526,Château Internet,6,9.8,,59,,,,,acheté en Primeur,,
468,B doux,6,,B2,88,Bordeaux,Sauternes,Château Nairac,,2007,20080526,Château Internet,6,14.7,,88,,,,,acheté en Primeur,,
476,,0,,B3,0,Bordeaux,Pessac-Léognan,Domaine de Chevalier,,2004,20080917,Auchan,6,8.2,,49,,,,,erreur caisse: les 6b vendues au prix d'une seule,,
469,,1,,T5,7,Bourgogne,Nuits-Saint-Georges,Domaine Frédéric Magnien,"""Vieilles vignes""",2006,20080917,Métro,1,6.7,,7,2010,,,,,,
478,,11,,L4,121,Bordeaux,Haut-Médoc,Château Sociando-Mallet,,2005,20080924,E. Leclerc,12,11.0,,132,,,,2035,,,
484,B,1,,D13,6,Alsace,Alsace,Domaine Marcel Humbrecht,Gewurtztraminer Grand Cru Goldert,2006,20090329,au Domaine,1,6.3,,6,,,,,achetè aux Caves particulières,,
483,B,1,,D13,4,Alsace,Alsace,Domaine Marcel Humbrecht,Riesling Grand Cru Goldert,2007,20090329,au Domaine,2,4.3,,9,,,,,"achetè aux Caves particulières 1b bu le 19 juin 2020 avec François sur homard: délicieux, en pleine forme, belle couleur, doit s'aérer",,
485,,2,,G4,6,Jura,Arbois,Domaine Ligier,"Trousseau ""Chassagne""",2006,20090329,au Domaine,6,2.8,,17,,2009,2012,,achetè aux Caves particulières,,
486,,2,,G4,6,Jura,Arbois,Domaine Ligier,Trousseau ,2005,20090329,au Domaine,6,3.0,,18,,2015,2020,,achetè aux Caves particulières,,
488,B,1,,K2,4,Jura,Arbois,Domaine Ligier,"Savagnin ouillé ""Cuvée des Poètes""",2006,20090329,au Domaine,3,3.5,,11,,,,,achetè aux Caves particulières,,
487,B,1,,K2,3,Jura,Arbois,Domaine Ligier,Chardonnay Vieilles vignes,2006,20090329,au Domaine,3,3.2,,10,,,,,achetè aux Caves particulières,,
489,B doux,2,,K6,9,Loire,Côteaux du Layon,Domaine Cady,"""Varennes""",2007,20090329,au Domaine,3,4.3,,13,,,,,Caves particulières. 1ère b bue avec F+V le 15/03/2021 sur canard laqué. Très moelleux et délicieux,,
491,,2,,M2,21,Rhône,Cornas,Domaine Alain Voge,"""Les Vieilles Vignes""",2006,20090420,au Domaine,2,10.3,,21,,2020,2025,,acheté sur la route vers le Lubéron,,
494,,10,,A4,233,Bordeaux,Saint-Estèphe,Cos d'Estournel,,2008,20090508,Château Online,12,23.3,,280,,,,2040,acheté en Primeur,,
496,,1,0.5,J4,5,Portugal,Porto,Kopke,Colheita,1984,20090520,,2,4.5,,9,,,,,Duty free,,
522,B,1,,D2,5,Alsace,Alsace,Domaine Zindt Humbrecht,Gewurztraminer,2006,20090915,Métro,2,5.3,,11,,,,,,,
527,B doux,2,,B29,12,Bordeaux,Sauternes,Château Filhot,,2007,20090928,Super U,2,5.9,,12,,,,,,,
528,,1,,Bo5,2,Bordeaux,Côtes de Bourg,Château Guerry,,2005,20090928,Super U,12,1.8,,22,,,2010,,,,
534,B,1,,Bo3,10,Provence,Palette,Château Simone,,2005,20090928,Super U,1,10.0,,10,,,,,,,
535,B doux,6,0.67,J2,39,Bordeaux,Sauternes,Château Lafaurie-Peyraguet,,2006,20090929,E. Leclerc,6,6.5,,39,,,,,,,
536,,2,,J4,23,Portugal,Porto,Cintra,,1976,20091213,Enchères,2,11.7,,23,,,,,embouteillé par Cuzenier en 1996,,
537,,2,,J4,27,Portugal,Porto,Feist,,1966,20091213,Enchères,4,13.3,,53,,,,,embouteillé en 1992,,
538,B doux,9,,K16/K17,75,Afrique du Sud,Vin de Constance,Domaine Klein Constantia,Vin de Constance,2002,20100123,Enchères Chartres,14,8.3,,117,,,,,100% muscat de Frontignan,,
540,,4,,M3,20,Loire,Chinon,Domaine Bernard Baudry,"""Croix Boissée""",2007,20100306,au Domaine,6,4.9,,30,,2013,2025,,1b bue en sept 2021. Le plaisir est là. A boire,,
539,,5,,M3,16,Loire,Chinon,Domaine Bernard Baudry,"""Les Grézeaux""",2008,20100306,au Domaine,6,3.3,,20,,2013,2020,,sol de graves,,
542,,6,,M4,36,Loire,St-Nicolas de Bourgueil,Domaine Yannick Amirault,"""Les Malgagnes""",2008,20100306,au Domaine,6,6.0,,36,,2013,2020,,,,
543,B doux,6,,B2,72,Bordeaux,Sauternes,Château Doisy Daëne,,2009,20100510,Château Internet,6,12.0,,72,,,,2040,acheté en Primeur,,
546,,6,,A3,164,Bordeaux,Pauillac,Château Pontet-Canet,,2009,20100616,Château Internet,6,27.3,,164,,,,2040,acheté en Primeur,,
549,,5,,A3,53,Bordeaux,Pessac-Léognan,Château de Fieuzal,,2009,20100618,Château Internet,6,10.7,,64,,,,2040,acheté en Primeur. First bue le 1/8/20 avec François. Correct mais j'attendais plus.,,
548,,6,,J4,180,Bordeaux,Saint-Emilion,Château Pavie-Macquin,,2009,20100618,Château Internet,6,30.0,,180,,,,2040,acheté en Primeur,,
563,B,2,,D10,12,Alsace,Alsace,Domaine Dirler-Codé,Gewurztraminer Kessler,2008,20110330,1jour1vin,2,6.2,,12,,,2020,,ouvrir 1/2 h avant. Navarin aux épices,,
561,B,0,,,0,Alsace,Alsace,Domaine Albert Mann,Gewurztraminer Furstentum Vieilles vignes,2009,20110330,1jour1vin,2,7.3,,15,,,2018,,ouvrir 1h avant. Saumon grillé gingembre,,
562,B doux,1,,D10,6,Alsace,Alsace,Domaine Dirler-Codé,Pinot Gris Kessler demi-sec,2008,20110330,1jour1vin,2,5.5,,11,,,2018,,ouvrir 1/2 h avant. Cuisine exotique,,
579,,3,2,S4,15,Bordeaux,Médoc,Château Fleur La Mothe,,2010,20110703,au Domaine,6,4.8,,29,2018,2018,2022,2025,2Mg donnés à François,,
582,,2,,L3,14,Bordeaux,Moulis,Château Chasse-Spleen,,2009,20110926,Super U,3,6.8,,21,2018,,,2030,,,
584,,1,,T4,13,Rhône,Saint-Joseph,Domaine J.L Chaves,,2007,20110926,Super U,1,13.3,,13,,,,,FAV Super U Vaucresson,,
575,B,2,,D11,39,Alsace,Alsace,Domaine Zindt Humbrecht,Riesling Clos St-Urbain Rangen de Thann,2008,20111106,1jour1vin,2,19.7,,39,,,,2033+,ouvrir 1h avant,,
576,B,2,,D10,33,Alsace,Alsace,Domaine Zindt Humbrecht,Pinot Gris Clos St-Urbain Rangen de Thann,2008,20111106,1jour1vin,2,16.3,,33,,,,2029+,ouvrir 1h avant,,
577,B,2,,D3,33,Alsace,Alsace,Domaine Zindt Humbrecht,Riesling Clos Windsbulh,2009,20111106,1jour1vin,2,16.3,,33,,,,2035+,ouvrir 1h avant,,
587,,2,,T3,23,Bourgogne,Corton,Domaine Jacob,,2010,20111126,au Domaine,2,11.7,,23,,,,,Caves particulièrs,,
586,B,2,,T3,28,Bourgogne,Corton Charlemagne,Domaine Jacob,,2010,20111126,au Domaine,2,14.0,,28,,,,,Caves particulièrs,,
585,,1,,T4,8,Bourgogne,Volnay,Domaine Christophe Vaudoisey,"1er cru ""Clos des Chênes""",2005,20111126,au Domaine,2,7.7,,15,,,,,Caves particulièrs,,
597,B,2,,D6,10,Alsace,Alsace,Domaine Albert Boxler , Gewurztraminer Réserve,2009,20120222,au Domaine,3,5.0,,15,2015,2015,2017,2020,Foie gras,,
600,B,1,,D6,11,Alsace,Alsace,Domaine Albert Boxler ,Riesling Grand cru Brand K,2010,20120222,au Domaine,3,10.7,,32,2017,2017,2022,2025,"poissons fins (sole, turbo, lotte, St-Jacques",,
601,B,2,,D7,19,Alsace,Alsace,Domaine Albert Boxler ,Pinot Gris Grand cru Brand S,2010,20120222,au Domaine,3,9.3,,28,2015,2015,2016,2016,"cuisine épicée et exotique (lait de coco, curry,coriandre)",,
599,B,1,,D6,9,Alsace,Alsace,Domaine Albert Boxler ,Riesling Grand cru Brand,2010,20120222,au Domaine,3,9.3,,28,2017,2017,2022,2025,"poissons fins (sole, turbo, lotte, St-Jacques). 1b bue en Bretagne le 23 août 2021. Légèrement effervescente à l'ouverture mais de grande classe. &b bue 22/01/22 anniv Vincent. Couleur très soutenue. Très  agréable. A boire.",,
602,B,3,,D7,28,Alsace,Alsace,Domaine Albert Boxler ,Pinot Gris Grand cru Sommerberg W,2010,20120222,au Domaine,3,9.3,,28,2015,2015,2016,2016,"cuisine épicée et exotique (lait de coco, curry,coriandre)",,
598,B,4,,D4,37,Alsace,Alsace,Domaine Albert Boxler ,Riesling Grand cru Sommerberg,2010,20120222,au Domaine,3,9.3,,28,2017,2017,2022,2025,"poissons fins (sole, turbo, lotte, St-Jacques",,
793.1,,2,2,J5,16,Loire,Chinon,Domaine Bernard Baudry,"""Les Grézeaux""",2009,20120501,au Domaine,2,8.0,,16,,,,,Offert par Sophie et Henri lors des sixties,,
603,,6,,T2,23,Loire,Chinon,Domaine Bernard Baudry,"""Clos Guillot""",2010,20120615,au Domaine,6,3.8,,23,,2025,2025,,,,
610,,1,,T4,10,Bourgogne,Corton,Domaine Virginie Pillet,Grand cru,2009,20120909,Carrefour,1,10.0,,10,,,,,,,
609,,1,,T5,8,Bourgogne,Nuits-Saint-Georges,Domaine Frédéric Magnien,Cœur de Roches,2010,20120909,Carrefour,1,7.6,,8,,,,,,,
612,B,1,,D18,5,Jura,Château Chalon,Domaine Marcel Cabelier,,2005,20120909,Carrefour,1,5.3,,5,,,,,,,
605,,5,,G5,10,Languedoc,Saint Chinian,Roquebrun,Terrasse de Maynard,2014,20120909,Carrefour,2,2.1,,4,,,,,FAV,,
608,,1,,G12,6,Roussillon,Rivesaltes ,Château Maria Jonquères,Haute Coutume ambré,1976,20120909,Carrefour,1,5.7,,6,2013,,,,FAV,,
620,,3,,T4,21,Bourgogne,Aloxe-Corton,Domaine Escofier,"""Les Valozières""",2010,20120915,Auchan,3,7.1,,21,,,,,,,
619,,2,,T5,32,Bourgogne,Clos de Vougeot,Domaine Bertagna,1er cru Clos de la Perrière,2009,20120915,Auchan,2,16.0,,32,,,,,,,
618,,0,,,0,Bourgogne,Pommard,Domaine Escofier,"""Lambots""",2009,20120915,Auchan,1,8.0,,8,,,,,Bu le 6/9/21 avec les amis. Honnête mais moins savoureux que Lejeune 2005,,
617,,3,,T5,40,Bourgogne,Vosne-Romanée,Domaine Anne-François Gros,"""Maizières""",2010,20120915,Auchan,3,13.3,,40,,,,,,,
625,,1,,M5,19,Bourgogne,Chambolle-Musigny,Domaine Michel Magnien,"1er cru ""Sentier""",2010,20121121,au Domaine,1,19.0,,19,,2020,2025,,Caves particulières,,
626,,1,,M5,16,Bourgogne,Morey-Saint-Denis,Domaine Michel Magnien,"1er cru ""Chaffots""",2010,20121121,au Domaine,1,16.3,,16,,2020,2025,,Caves particulières,,
627,,1,,M5,15,Bourgogne,Morey-Saint-Denis,Domaine Michel Magnien,"1er cru ""Millandes""",2010,20121121,au Domaine,1,14.7,,15,,2020,2025,,Caves particulières,,
629,B,2,,T3,68,Bourgogne,Corton-Charlemagne Grand cru,Domaine Louis Jadot,,2009,20121126,1jour1vin,3,34.0,,102,,2015,2025,2040,"ouvrir 1 h avant. Un b bue le 20201205 avec François sur homard et, ormeaux et coquilles. Remarquable.",,
628,,4,,T2,13,Rhône,Rasteau,Domaine de la la Collière,,2010,20121126,1jour1vin,6,3.2,,19,,2012,2012,2020,ouvrir 1 h avant,,
631,B,2,,D11,44,Alsace,Alsace,Domaine Zindt Humbrecht,"Riesling  ""Clos Saint Urbain Rangen de Thann""",2010,20130120,1jour1vin,2,21.9,228.0,44,,,,2035+,,,
632,B,2,,D3,38,Alsace,Alsace,Domaine Zindt Humbrecht,"Riesling ""Clos Windsbuhl""",2010,20130120,1jour1vin,2,19.0,228.0,38,,,,2030+,,,
630,B doux,2,,D11,44,Alsace,Alsace,Domaine Zindt Humbrecht,"Pinot gris  ""Clos Saint Urbain Rangen de Thann""",2010,20130120,1jour1vin,2,21.9,228.0,44,,,,2030+,,,
634,B,1,,D16,8,Jura,Château Chalon,Domaine Marie et Denis Chevassu,"""Grange Bernard""",2005,20130302,Sarah,1,8.3,,8,,,,,"offert par Sarah, Illisible sur étiquette",,
636,,1,,M5,23,Rhône,Côtes Rôties,Domaine Guigal,Château d'Ampuis ,2009,20130917,1jour1vin,1,23.3,,23,,2020,2030,,,,
638,,2,,T3,24,Bourgogne,Corton,Domaine Jacob,,2011,20140328,au Domaine,2,12.1,,24,,2018?,2025?,2027?,,,
,,1,,M2,0,Rhône,Beaume de Venise,Domaine de la Colline Saint  Jean,,2007,20140501,au Domaine,1,0.0,,0,,,,,,,
,,6,,M9,0,Rhône,Cairanne,Domaine de l'Oratoire Saint Martin,,2014,20140501,au Domaine,6,0.0,,0,,,,,,,
,,1,,M2,0,Rhône,Gigondas,Domaine de la Colline Saint  Jean,,2007,20140501,au Domaine,1,0.0,,0,,,,,,,
,,1,,M2,0,Rhône,Vacqueras,Domaine de la Colline Saint  Jean,,2007,20140501,au Domaine,1,0.0,,0,,,,,,,
936,,1,,Bo2,5,Rhône,Gigondas,Domaine Brusset,Les secrets de Montmirail,2012,20140514,au Domaine,1,5.0,,5,2014,2015,2023,2025,acheté avec Club vin Montmirail,,
935,,4,,Bo2,40,Rhône,Gigondas,Domaine Santa Duc,Prestige des Hautes Garrigues,2011,20140514,au Domaine,4,10.0,,40,2014,2015,2023,2025,acheté avec Club vin Montmirail,,
642,,0,,Bo5,0,Bourgogne,Clos de Vougeot,Domaine Henri Rebourseau,Grand cru,1996,20140906,Auchan,1,26.3,,26,,2010,2017?,2018,1b bue club vin 05022022. Très appéciée. Lui donnaient 10ans au lieu de 26.,,
641,B,1,,Bo5,12,Bourgogne,Meursault ,Domaine Bernard-Bonin,Clos du Cromin,2012,20140906,Auchan,1,11.6,,12,,?,?,?,FAV,,
639,B,1,,Bo3,9,Provence,Palette,Château Simone ,,2008,20140906,Auchan,1,8.6,,9,,?,?,?,FAV,,
643,,1,,B1,6,Rhône,Chatetauneuf-du-Pape,Domaine Usseglio&Fils,"cuvée ""Les Amandiers""",2013,20140906,Auchan,1,6.3,,6,,2020,2030,2032,FAV,,
645,B,5,,D5,45,Alsace,Alsace ,Domaine Marcel Deiss,Langenberg,2011,20141104,La Vignery,4,9.0,,36,,?,?,?,,,
646,,2,,G14,37,Roussillon,Rivesaltes ,Sainte Barbe,,1952,20150204,Idealwine,2,18.7,,37,,?,?,?,,,
650,,2,,T3,25,Bourgogne,Corton,Domaine Jacob,,2013,20150327,au Domaine,2,12.6,,25,,2020,2025,2027,caves particulières,,
649,B,2,,T3,33,Bourgogne,Corton-Charlemagne ,Domaine Jacob,,2013,20150327,au Domaine,2,16.6,,33,,2023,2023,2029,caves particulières,,
651,,1,,K2,4,Jura,Arbois,Domaine Ligier Père&fils,Cuvée des poètes,2012,20150327,au Domaine,1,3.8,,4,,,,,caves particulières,,
652,,2,,G3,6,Jura,Arbois trousseau,Domaine Ligier Père&fils,Cuvée des poètes,2011,20150327,au Domaine,3,3.2,,10,,2019,2019,2021,caves particulières,,
654,B,1,,D18,11,Jura,Vin jaune,Château d'Arlay,,2006,20150327,au Domaine,1,11.0,,11,,,,2030,caves particulières,,
656,B,1,,D18,8,Jura,Vin jaune,Château de l'Etoile,,2007,20150327,au Domaine,1,8.3,,8,,,,,caves particulières,,
653,B,0,,0,0,Jura,Vin jaune,Domaine Ligier Père&fils,Cuvée des poètes,2008,20150327,au Domaine,1,9.7,,10,,,,2030,caves particulières. 1b bue le 16 oct 2021 avec beaucoup de plaisir,,
658,,2,,M3,13,Loire,St-Nicolas de Bourgeuil,Domaine Yannick Amirault,Les Malgagnes,2012,20150406,1jour1vin,4,6.7,,27,,2015,2015,2022,1b bue le 16 oct 2021 avec beaucoup de plaisir,,
657,B,3,,B1,50,Loire,Savennières,Domaine Coulée de Serrant,,2013,20150406,1jour1vin,4,16.6,,67,,2015,2025,2028,voir fiche du 8 mars 2016(?) 1b bue club vin 05022022. attention au dépôt. Très appréciée sur st jacques aux topinambours. Encore du potentiel?,,
659,,2,,J3,22,Bordeaux,Saint-Emilion,Château La Marzelle,,2012,20150617,Thuvenin SAS,2,10.8,,22,,2020,2027,2030,dégustation RVF Palais Brognard,,
660,,1,,J3,11,Bordeaux,Saint-Emilion,Château Sansonnet,,2011,20150617,Thuvenin SAS,2,10.8,,22,,2018,2022,2030,dégustation RVF Palais Brognard. 1b bue avec François 061121. Plaisir. Absence de cabernet -sauvignon.,,
941,,1,,Bo4,3,Rhône,IGP Côteaux de l'Ardèche,Château Les Amoureuses,Syrah,2013,20150701,au Domaine,3,2.5,,8,2015,2015,2020,2021,,,
664,,1,,T1,14,Provence,Bandol,Domaine Tempier,La Tourtine,2013,20150817,SAS Peyraud,1,14.0,,14,,2021,2021,2033,85% mouverdre +cinsault+grenache,,
663,,2,,T1,18,Provence,Bandol,Domaine Tempier,Rouge,2013,20150817,SAS Peyraud,2,9.0,,18,,2019,2019,2030,75% mouverdre,,
665,B,0,,T2,0,Loire,Sancerre,Domaine Pascal Cotat,Grande Côte,2011,20150905,Le Chai Privé,3,7.7,,23,,2015,2015,2022,1b bue le 26 déc2020 avec F et V,,
667,,2,,L3,9,Bordeaux,Graves,Château Chantegrive,,2010,20150908,Intermarché,6,4.5,,27,,,2018,2025,,,
666,,1,2,J5,13,Bordeaux,Pessac-Léognan,Chateau La Louvière,,2012,20150908,Intermarché,1,13.3,,13,,2017,2020,2027,,,
668,,2,,B3,17,Bordeaux,Saint-Estèphe,Château Haut-Marbuzet,,2012,20150908,Intermarché,2,8.7,,17,,2022,2025,2030,,,
673,B,5,,Bo4,32,Jura,Côtes du Jura savagnin,Domaine Jean Macle,,2009,20151112,,6,6.3,,38,,2020,2023,2030+,,,
675,,2,,T2,13,Bourgogne,Rully 1er cru,Domaine Jacqueson,Les Cloux,2014,20151121,Carré des vins,2,6.3,,13,,2017,2025,2027+,,,
677,,2,,T4,17,Bourgogne,Volnay,Domaine Christophe Vaudoisey,"""Clos des Chênes"" 1er cru",2013,20151125,salon des vignerons,2,8.7,,17,,2023,2023,2029,,,
680,B,1,,K1,4,Jura,Arbois Chardonnay,Domaine Jacques Tissot,"""les carrés sous Curon""",2013,20151126,au Domaine,6,4.2,,25,,2015,2015,2018,caves particulières,,
681,,2,2,Bo5,23,Languedoc,Terrasse du Larzac,Les Vignes oubliées,,2014,20160214,Carré des vins,2,11.3,,23,,2018,2026,2028,,,
682,B,2,,D9,23,Alsace,Alsace ,Domaine Josmeyer,,2013,20160225,1jour1vin,2,11.7,,23,,2016,,2029,,,
684,B,6,,T4,102,Bourgogne,Corton-Charlemagne ,Domaine Jacob,,2014,20160318,au Domaine,4,16.9,,68,,2021,2024,2030,caves particulières,,
685,B,1,,T3,6,Bourgogne,Ladoix blanc,Domaine Jacob,,2014,20160318,au Domaine,2,5.8,,12,,2017,2017,2020,caves particulières,,
687,B,1,,T3,25,Bourgogne,Meursault 1er cru,Domaine Rémi Jobart,Le Poruzot Dessus,2014,20160417,Carré des vins,1,25.0,,25,,2019,2027,2030,,,
688,,1,,T3,33,Bourgogne,Vosne Romanée 1er cru,Domaine Gros Frère et Soeur,les Chaumes,2014,20160417,Carré des vins,1,33.0,,33,,2018,2025,2030,,,
944,B,1,,Bo5,3,Bordeaux,Graves,Château de Camarset,,2013,20160506,au domaine,1,3.3,,3,2014,2015,2018,2020,,,
691,,1,,J4,19,Bordeaux,Pomerol,Château Beauregard,,2010,20160506,au Dme,1,19.0,,19,,2015,2025,2030,visite du club à Saint Emilion,,
690,,2,2,Bo4,77,Bordeaux,Pomerol,Château Beauregard,,2010,20160506,au Dme,2,38.3,,77,,2015,2025,2030,visite du club à Saint Emilion,,
692,,1,,J4,16,Bordeaux,Saint-Emilion,Château Larmande,,2010,20160506,au Dme,1,15.7,,16,,2015,2025,2030,visite du club à Saint Emilion,,
693,,1,,J4,10,Bordeaux,Saint-Emilion,Château Larmande,,2012,20160506,au Dme,1,10.0,,10,,2015,2025,2030,visite du club à Saint Emilion,,
689,,2,,J4,33,Bordeaux,Saint-Emilion,Virginie de Valandraud,,2010,20160506,au Dme,2,16.5,,33,,2015,2025,2030,visite du club à Saint Emilion,,
694,B,3,,T2,29,Loire,Sancerre,Domaine Gérard Boulay,La Côte,2014,20160517,Carré des vins,3,9.7,,29,,2020,2030,2034,,,
700,,1,2,J5,42,Bordeaux,Margaux,Château Brane-Cantenac,,2015,20160604,Chateauprimeur,1,42.0,,42,,2025,2035,2040,,,
699,B doux,1,2,A2,32,Bordeaux,Sauternes,Château Lafaurie-Peyraguey,,2015,20160604,Chateauprimeur,1,32.0,,32,,2025,2035,2040,,,
697,,1,2,J5,68,Bordeaux,Pauillac,Château Pontet-Canet,,2015,20160604,Chateauprimeur,1,68.0,,68,,2025,2035,2040,,,
698,,1,2,J5,54,Bordeaux,Pessac-Léognan,Château Pape Clément,,2015,20160604,Chateauprimeur,1,54.1,,54,,2025,2035,2040,,,
698.1,,3,2,Bo3,126,Bordeaux,Saint-Estèphe,Château Calon Ségur,,2015,20160604,Château Internet,3,42.0,,126,,2025,2035,2040,Primeur,,
696,,1,2,B5,42,Bordeaux,Saint-Julien,Château Gruaud Larose,,2015,20160604,Chateauprimeur,1,42.4,,42,,2025,2035,2040,,,
695,,1,2,J5,52,Bordeaux,Saint-Julien,Château Léoville Poyferré,,2015,20160604,Chateauprimeur,1,51.6,,52,,2025,2035,2040,,,
701,,1,2,J5,49,Bordeaux,Margaux,Château Rauzan-Ségla,,2015,20160612,Chateauprimeur,1,48.8,,49,,2025,2035,2040,,,
702,,1,2,J5,62,Bordeaux,Saint-Emilion,Clos Fourtet,,2015,20160612,Chateauprimeur,1,62.0,,62,,2025,2035,2040,,,
703,,3,2,Bo2,117,Bordeaux,Saint-Emilion,Château La Gaffelière,,2015,20160613,Château Internet,3,38.9,,117,,2025,2035,2040,,,
704,,1,2,B5,95,Bordeaux,Saint-Estèphe,Château Montrose,,2015,20160614,Chateauprimeur,1,95.2,,95,,2025,2035,2040,,,
707,,1,,T5,40,Bourgogne,Clos St-Denis Grand cru,Domaine Bertagna,,2014,20160621,Carré des vins,1,39.7,,40,,2020,2024,2035+,monopole,,
705,,1,,T5,17,Bourgogne,Vosne-Romanée 1er cru,Domaine Bertagna,Les Beaux Monts,2014,20160621,Carré des vins,1,17.2,,17,,2020,2024,2030,monopole,,
706,,1,,T5,21,Bourgogne,Vougeot 1er cru,Domaine Bertagna,Clos de la Perrière,2014,20160621,Carré des vins,1,20.7,,21,,2020,2024,2030,monopole,,
709,,1,,G3,6,Jura,Arbois trousseau,Domaine Stéphane Tissot,Singulier,2014,20160809,Carré des vins,2,6.3,,13,,2016,2022,2028, dernière b bue avec Vincent et Sarah le 01/02/2021. Encore très buvable.,,
708,B,3,,D17,59,Jura,Château-Chalon,Domaine Stéphane Tissot,,2008,20160809,Carré des vins,3,19.7,,59,,2028,2048,2060,,,
710,B,3,,G2,25,Jura,Arbois Chardonnay,Domaine Stéphane Tissot,Les Bruyères,2014,20160809,Carré des vins,3,8.2,,25,,2016,2024,2028+,,,
712,,6,2,S4,31,Bordeaux,Médoc,Château Fleur La Mothe,,2015,20160822,au Domaine,6,5.2,,31,,2020,2025,2030,,,
713,,2,,M5,77,Bourgogne,Clos de Vougeot,Château de la Tour de Clos Vougeot,,2014,20161002,Carré des vins,2,38.3,,77,,2021,2036,2040+,,,
714,B,2,,M1,22,Rhône,Saint-Joseph,Domaine Bernard Gripa,Le Berceau    Blanc,2015,20161025,Carré des vins,3,11.0,,33,,2018,2025,2029,,,
715,,1,,S3,14,Languedoc,Terrasse du Larzac,Mas Jullien Rouge ,,2010,20161027,Carré des vins,3,14.0,,42,,2020,2030,2040,,,
717,,1,,T3,19,Bourgogne,Chambolle-Musigny,Domaine Bruno Clair,Les Véroilles,2014,20161101,Carré des vins,1,19.0,,19,,2020,2032,2036+,,,
716,,1,,T3,19,Bourgogne,Morey-St-Denis,Domaine Bruno Clair,En La Rue De Vergy,2014,20161101,Carré des vins,1,19.0,,19,,2020,2032,2035+,,,
718,,1,,T3,24,Bourgogne,Vosnes-Romanée,Domaine Bruno Clair,Les Champs Perdrix,2014,20161101,Carré des vins,1,24.0,,24,,2022,2034,2038+,,,
719,B,5,,T4,55,Loire,Sancerre,Domaine François Cotat,Les Monts Damnés,2015,20161110,Carré des vins,2,11.0,,22,,2020,2030,2033,,,
720,B,2,,Bo4,40,Jura,Château-Chalon,Domaine Stéphane Tissot,,2009,20161121,1jour1vin,2,20.2,,40,,2025,2045,2050,,,
721,B,2,,D17,35,Jura,Vin jaune,Domaine Stéphane Tissot,La  Vasée,2008,20161126,Carré des vins,2,17.3,,35,,2018,2030,2050,,,
722,B,1,,G2,9,Jura,Côtes du Jura chardonnay,Domaine Stéphane Tissot,Sursis,2015,20161126,Carré des vins,1,9.0,,9,,2018,2025,2027+,,,
723,B,2,,T3,37,Bourgogne,Corton-Charlemagne ,Domaine Jacob,,2015,20161127,au Domaine,3,18.3,,55,,2022,2024,2030,caves particulières,,
725,,3,,M4,21,Loire,Chinon,Domaine Philippe Alliet ,Coteau de Noiré,2014,20161207,1jour1vin,3,7.0,,21,,2020,2030,2032,,,
724,B,2,,B1,35,Loire ,Savennières,Domaine Coulée de Serrant,,2014,20161207,1jour1vin,2,17.3,,35,,2020,2030,2035,,,
726,,1,,B1,17,Rhône,Chateauneuf-du-Pape,Château de Beaucastel,,2014,20161207,1jour1vin,1,17.3,,17,,202,2030,2032,,,
779.1,,1,,M5,0,Bourgogne,Chambolle-Musigny,Domaine Georges Roumier,,2014,20170101,Catherine,,0.0,,,,,,,"Cadeau exceptionnel de Catherine Ronssin en 2017, Rareté",,
729,B,1,,D4,20,Alsace,Alsace ,Domaine Marcel Deiss,Altenberg de Bergheim,2012,20170129,Carré des vins,1,19.7,,20,,2018,2027,2029,,,
730,B,1,,D4,22,Alsace  ,Alsace ,Domaine Marcel Deiss,Schoenenbourg,2012,20170129,Carré des vins,1,21.7,,22,,2018,2026,2030,,,
731,,1,,G14,26,Roussillon,Banyuls,Domaine Pietri Geraud,,1951,20170130,Idealwine,1,26.3,,26,,,,,Pour Annik,,
732,,1,,G12,33,Roussillon,Rivesaltes ,La Sobilane,,1947,20170130,Idealwine,2,33.0,,66,,,,,Pour Nane. Une bouteille bu anniversaire 70 ans Nane soirée goguette,,
735,,1,,S3,4,Languedoc,Minervois,Domaine Anne gros et Jean-Paul Tollot,Les Combettes,2015,20170204,Carré des vins,1,4.3,,4,,2017,2022,2025,,,
736,,1,,S3,5,Languedoc,Minervois,Domaine Anne gros et Jean-Paul Tollot,Les Fontanilles,2015,20170204,Carré des vins,1,5.3,,5,,2017,2025,2026,,,
737,,1,,S3,7,Languedoc,Minervois,Domaine Anne gros et Jean-Paul Tollot,La Ciaude,2015,20170204,Carré des vins,1,7.0,,7,,2018,2025,2027+,,,
739,,2,,B1,18,Bourgogne,Bourgogne rouge,Domaine de Villaine,La Digoine,2015,20170209,Carré des vins,2,9.0,,18,,2019,2027,2030+,,,
738,B,1,,B1,9,Bourgogne,Rully,Domaine de Villaine,Saint Jacques,2015,20170209,Carré des vins,2,8.7,,17,,2017,2025,2029,,,
740,,2,,B1,19,Bourgogne,Mercurey,Domaine de Villaine,Les Montots,2015,20170209,Carré des vins,2,9.7,,19,,2021,2027,2030+,,,
741,B,2,,A1,25,Bourgogne,Chablis 1er cru,Domaine Jean-Paul & Benoit Droin,Montée de Tonnerre,2015,20170404,Carré des vins,2,12.3,,25,,2019,2019-2027,2029+,,,
743,B,1,,A1,20,Bourgogne,Chablis Grand Cru,Domaine Jean-Paul & Benoit Droin,Les Grenouilles,2015,20170404,Carré des vins,1,20.0,,20,,2020,2027,2030+,,,
744,B,1,,A1,20,Bourgogne,Chablis Grand Cru,Domaine Jean-Paul & Benoit Droin,Les Clos,2015,20170404,Carré des vins,1,20.0,,20,,2020,2027,2030+,,,
742,B,2,,A1,33,Bourgogne,Chablis Grand Cru,Domaine Jean-Paul & Benoit Droin,Valmur,2015,20170404,Carré des vins,2,16.7,,33,,2018,2027,2030,,,
747,,1,,B1,23,Languedoc,Coteaux du Languedoc,Domaine Peyre Rose,Clos des Cistes,2007,20170415,Carré des vins,1,22.7,,23,,2021,2027,2031+,,,
748,,1,,B1,23,Languedoc,Coteaux du Languedoc,Domaine Peyre Rose,Syrah Leone,2007,20170415,Carré des vins,1,22.7,,23,,2021,2027,2031+,,,
749,,1,,B1,23,Languedoc,Coteaux du Languedoc,Domaine Peyre Rose,Marlene N°3,2007,20170415,Carré des vins,1,22.7,,23,,2021,2027,2031+,,,
750,,5,,Bo5,38,Bourgogne,Hautes-Côtes-de-Nuits,Domaine Gros Frère et Sœur ,,2015,20170506,Carré des vins,6,7.5,,45,,2018,2022,2025,,,
751,,0,,Bo5,0,Bourgogne,Vosnes-Romanée,Domaine Gros Frère et Sœur ,,2015,20170506,Carré des vins,1,20.0,,20,,2020,2025,2030,1b bue club vin 05022022. Bon mais j'attendais plus,,
754,,1,,M5,28,Bourgogne,Corton Bressandes Grand Cru,Domaine de la Pousse d'Or,,2015,20170525,Carré des vins,1,28.3,,28,,2029,2032,2039,,,
753,,1,,M5,28,Bourgogne,Corton Grand Cru,Domaine de la Pousse d'Or,Clos du Roi,2015,20170525,Carré des vins,1,28.3,,28,,2023,2033,2036+,,,
752,,1,,M5,24,Bourgogne,Volnay 1er Cru,Domaine de la Pousse d'Or,Les Caillerets cuvée Amphore,2015,20170525,Carré des vins,1,24.2,,24,,2021,2031,2035,,,
757,B doux,12,0.5,A2,79,Bordeaux,Barsac,Château Coutet,,2016,20170610,Duclot,12,6.6,,79,,2025,2035,2040,primeur livraison prévue 1er semestre 2019,,
758,,3,2,A3,89,Bordeaux,Pessac-Léognan,Château De Fieuzal,,2016,20170610,Duclot,3,29.7,,89,,2025,2040,2045,primeur livraison prévue 1er semestre 2019,,
759,,3,,A4,74,Bordeaux,Pessac-Léognan,Domaine de Chevalier,,2016,20170610,Duclot,3,24.7,,74,,2025,2040,2045,primeur livraison prévue 1er semestre 2019,,
761,,2,2,Bo1,27,Beaujolais ,Morgon,Domaine Chamonard,Le Clos des Lys,2015,20170627,Carré des vins,2,13.3,,27,,2022,2032,2037+,,,
760,,1,2,Bo1,12,Beaujolais ,Morgon,Domaine Marcel Lapierre,,2016,20170627,Carré des vins,1,12.3,,12,,2019,2027,2029+,,,
762,,12,,S4,31,Bordeaux,Médoc,Château Fleur La Mothe,,2016,20170703,au Domaine,12,2.6,,31,,2021,2030,2032,Primeur 2016 via Antoine Guigon,,
763,B,2,,D16,46,Jura,Château-Chalon,Domaine Jean Macle,,2008,20170725,Carré des vins,2,23.0,,46,,2028,2048,2068+,,,
764,,3,2,B5,71,Bordeaux,Saint-Emilion,Château Soutard,,2015,20170807,au Domaine,3,23.7,,71,,2025,2035,2040,primeur 2015,,
770,,6,,A3,120,Rhône,IGP Alpilles,Domaine de Trévallon,,2009,20170812,Carré des vins,2,20.0,,40,2017,2019,2030,2039,,,
774,,2,,M2,13,Beaujolais ,Morgon,Domaine Jean-Marc Burgaud,Javenières,2015,20170827,1jour1vin,2,6.5,,13,2017,2018,2023,2024+,,,
775,,4,,M2,29,Beaujolais ,Morgon,Domaine Jean-Marc Burgaud,James,2015,20170827,1jour1vin,4,7.3,,29,2017,2018,2024,2025+,,,
773,B,1,,Bo3,11,Provence,Palette,Château Simone ,,2014,20170827,1jour1vin,3,10.6,,32,2017,2018,2023,2024,,,
777,B,3,,L2,27,Bordeaux,Pessac-Léognan,Château Larrivet-Haut-Brion,,2014,20170906,Intermarché,6,9.0,,54,2017,2018,2025,2027,Foire aux Vins,,
776,,5,,J3,24,Bordeaux,Saint-Emilion,Château Simard,,2009,20170906,Intermarché,6,4.8,,29,2014,2017,2020,2021,Foire aux Vins,,
778,,4,,M1,15,Loire,Pouilly-fumé,Domaine Bertrand Jeannot Père &Fils,,2015,20170909,Domaine,6,3.7,,22,2017,2018,2022,2023,Acheté via Antoine Guigon,,
778.1,B,0,,S1,0,Loire,Pouilly sur Loire,Domaine Bertrand Jeannot Père &Fils,Vieilles vignes,2016,20170909,Domaine,6,2.2,,13,,2018,2022,2023,Acheté via Antoine Guigon,,
779,,2,,M5,68,Bourgogne,Clos de Vougeot,Domaine Laurent Roumier,,2015,20170916,Idealwine,2,34.0,,68,2020,2025,2035,2040+,,,
780,,1,,Bo5,18,Bourgogne,Gevrey-Chambertin,Domaine René Bouvier,Racines du temps,2015,20170921,Carré des vins,1,18.0,,18,2018,2020,2035,2040+,,,
781,,2,,Bo5,53,Bourgogne,Gevrey-Chambertin,Domaine René Bouvier,"1er cru ""Les Fontenys""",2015,20170921,Carré des vins,2,26.6,,53,2018,2020,2035,2045,,,
783,B,2,,Bo5,86,Bourgogne,Chambolle-Musigny,Domaine Jean-Marie Fourrier,"1er cru ""Les Echanges""",2015,20171014,Carré des vins,2,43.0,,86,2020,2025,2035,2040+,,,
784,,1,,T1,3,Languedoc,IGP Collines Rhodaniennes,Domaine Michel&Stéphane Ogier,Syrah d'Ogier,2015,20171015,Idealwine,1,3.3,,3,2017,2018,2022,2025,,,
785,B,2,,Bo5,53,Bourgogne,Chassagne-Montrachet,Domaine Hubert Lamy,"1er cru ""Les Chaumées""",2015,20171029,Carré des vins,2,26.3,,53,2019,2023,2028,2030,,,
786,B,1,,Bo5,16,Bourgogne,Saint-Aubin,Domaine Hubert Lamy,"1er cru ""En Remilly""",2015,20171029,Carré des vins,1,16.3,,16,2018,2018,2025,2027+,,,
789,,3,,G9,21,Loire,Chinon,Domaine Philippe Alliet ,Coteau de Noiré,2015,20171104,au Domaine,3,7.0,,21,2022,2025,2032,2035+,,,
790,,3,,G9,18,Loire,Chinon,Domaine Philippe Alliet ,L'Huisserie,2015,20171104,au Domaine,3,6.0,,18,2018,2021,2029,2032,,,
788,,6,,G8,32,Loire,Chinon,Domaine Philippe Alliet ,Vielles Vignes,2015,20171104,au Domaine,6,5.3,,32,,,,,,,
787,B,3,,B1,57,Loire,Savennières,Domaine Coulée de Serrant,,2015,20171104,1jour1vin,3,19.0,,57,2017,2020,2030,2035,,,
792,,3,,A5,45,Rhône,Saint-Joseph,Domaine Bernard Gripa,"Rouge ""Le Berceau""",2015,20171104,Carré des vins,4,15.0,,60,2020,2025,2030,2035+,une b bue en Bretagne le 24 août 2021,,
791,B,2,,M1,15,Rhône,Saint-Joseph,Domaine Bernard Gripa,Blanc,2016,20171104,Carré des vins,2,7.7,,15,2017,2018,2025,2026,,,
795,,1,2,J5,12,Loire,Chinon,Domaine Bernard Baudry,Le Clos Guillot,2014,20171114,au Domaine,2,11.7,,23,,,,,1b bue chez Myriam 15/01/2022 Très appréciée,,
794,,6,,M3,33,Loire,Chinon,Domaine Bernard Baudry,Le Clos Guillot,2015,20171114,au Domaine,6,5.5,,33,,,,,,,
793,,11,,G10&G11,46,Loire,Chinon,Domaine Bernard Baudry,"""Les Grézeaux""",2015,20171114,au Domaine,12,4.2,,50,,,,,,,
796,B,3,,M2,19,Loire,Chinon,Domaine Bernard Baudry,La Croix Boissée  Blanc,2016,20171114,au Domaine,6,6.2,,37,,,,,1b bue chez Myriam 15/01/2022 Très appréciée même par Annik,,
797,,2,,T1,31,Provence,Bandol,Domaine Tempier,La Migoua,2015,20171116,Idealwine,2,15.3,,31,2020,2025,2035,2041+,,,
798,B,1,,T3,11,Bourgogne,Meursault-Blagny,Chapelle de Blagny,1er Cru,2014,20171129,au Domaine,1,10.7,,11,,,,,Vignerons indépendants,,
799,B,2,,T3,38,Bourgogne,Corton Charlemagne,Domaine Jacob,Grand cru,2016,20171129,au Domaine,2,19.0,,38,,,,,,,
802,,1,2,B5,57,Provence,Bandol,Domaine Tempier,Cabassaou,2015,20171218,VcommeVin,1,57.5,,57,2020,2025,2041,2045+,,,
800,,2,2,B5,82,Provence,Bandol,Domaine Tempier,La Tourtine,2014,20171218,VcommeVin,2,40.8,,82,2018,2024,2034,2038+,,,
801,,2,2,B5,81,Provence,Bandol,Domaine Tempier,La Tourtine,2015,20171218,VcommeVin,2,40.5,,81,2019,2025,2035,2039+,,,
804,,0,2,,0,Jura,Vin de France,Domaine Ganevat Anne et Jean-François ,J'en veux encore,2017,20180109,Carré des vins,1,16.3,,16,2018,2018,2021,2023+,bu le 9 mai 21 avec C&V et B&A déjeuner Dampierre. J'ai beaucoup aimé. Original. Côte de bœuf.,,
806,,1,2,L5,15,Jura,Vin de France,Domaine Ganevat Anne et Jean-François ,Le P'tiot Roukin,2017,20180109,Carré des vins,1,15.0,,15,2018,2018,2024,2026,,,
808,,1,,T3,38,Bourgogne,Nuits-saint-Georges,Domaine Emmanuel Rouget,,2015,20180201,Carré des vins,1,38.3,,38,2020,2025,2035,2040+,,,
809,,1,,T3,43,Bourgogne,Vosne-Romanée,Domaine Emmanuel Rouget,,2015,20180201,Carré des vins,1,43.0,,43,2020,2023,2040,2045+,,,
811,,1,,J1,7,Savoie,Chignin-Bergeron,Domaine Gilles Berlioz,Les Friponnes,2016,20180310,Carré des vins,1,7.3,,7,2018,2018,2024,2026,,,
812,,1,,J1,10,Savoie,Mondeuse,Domaine Gilles Berlioz,La Deuse,2016,20180310,Carré des vins,1,10.0,,10,2018,2020,2025,2028,,,
810,B,1,,J1,20,Savoie,Chignin-Bergeron,Domaine Gilles Berlioz,"""Les Christine"" 100% roussane",2016,20180310,Carré des vins,1,19.7,,20,2018,2020,2026,2028+,"bue club vin 05022022: très belle découverte, nez très floral, gras, grande classe",,
814,,1,,T1,12,Roussillon,Vin de pays des Côtes Catalanes,Domaine de l'Horizon,Rouge,2014,20180311,Carré des vins,1,12.0,,12,2018,2020,2030,2034,,,
813,B,2,,T1,24,Roussillon,Vin de pays des Côtes Catalanes,Domaine de l'Horizon,Blanc,2016,20180311,Carré des vins,2,12.0,,24,2018,2020,2026,2030+,,,
817,B,2,,Bo5,30,Bourgogne,Meursault,Domaine Matrot,Blanc ,2015,20180318,Carré des vins,2,15.0,,30,2018,2019,2025,2027+,,,
816,B,1,,T1,6,Bourgogne,Rully,Domaine Jacqueson,Blanc,2016,20180318,Carré des vins,4,5.7,,23,2018,2018,2022,2024+,"1b bue 27 nov 2021 avec Benoit et Aude. Très agréable. 1b bue 05022022 club vin: très expressif, délicieux, très bon rapport qualité/prix",,
451,,1,,G3,2,Chine,,Enduring Pulchitude,,,20180401,en Chine,1,1.7,,2,,,,,,,
819,B,3,,B1,30,Bourgogne,Meursault,Domaine Bouchard,Genevrières,2015,20180422,au Domaine,3,9.9,,30,2018,2019,2025,2027,via Samantha Luna Mendoza,,
932,,1,,Bo2,8,Bordeaux,Pomerol,Château Bellegrave,,2012,20180501,cadeau,1,8.3,,8,2016,2017,2020,2025,cadeau retraite TOSA,,
933,,1,,Bo2,8,Bourgogne,Hautes-Côtes de Nuits,Domaine de l'Arlot,Le Mont,2015,20180501,cadeau,1,8.3,,8,2018,2018,2022,2023,cadeau retraite TOSA,,
,B,1,,Bo2,8,Rhône,Vacqueras,Montirius,Minéral,2015,20180501,cadeau,1,8.0,,8,2019,2019,2030,,cadeau retraite TOSA 50% Bourboulenc – 25% Grenache Blanc – 25% Roussanne,,
821,B,0,,0,0,Bourgogne,Givry,Domaine François Lumpp,Clos des Vignes Rondes,2016,20180503,Carré des vins,1,7.7,,8,2018,2018,2022,2024,,,
820,B,1,2,M4,92,Loire,Pouilly -Fumé,Domaine Didier Dagueneau,Silex,2015,20180503,Carré des vins,1,91.7,,92,2021,2023,2035,2041+,,,
547.1,B,3,,M1,45,Bordeaux,Pauillac,Château Lynch-Bages,Blanc,2016,20180601,,3,15.0,,45,,,,,,,
824,,2,2,S1,112,Bordeaux,Saint-Estèphe,Château Calon Ségur,,2017,20180606,Duclot,2,56.0,,112,2025,2025,2040,2045,primeur à livrer 1er semestre 2020,,
823,,4,,M1,64,Bourgogne,Gevrey-Chambertin,Domaine Pierre Bourée ,Clos de la Justice (Monopole),2015,20180606,au Domaine,2,15.9,,32,,,,,,,
822,B,2,,M1,24,Bourgogne,Meursault,Domaine Pierre Bourée ,,2015,20180606,au Domaine,2,12.2,,24,,,,,,,
825,,4,,T1,29,Languedoc,Terrasse du Larzac,Domaine Vaïsse,L'Aphyllante,2015,20180629,Vaïsse,4,7.3,,29,2018,2020,2026,2030,,,
826,,3,,T1,23,Languedoc,Terrasse du Larzac,Domaine Vaïsse,Le Galibaou du Russe,2015,20180629,Vaïsse,4,7.7,,31,2020,2022,2028,2030+,1b bue chez S.Toulon 070421,,
827,,4,,T1,29,Languedoc,Terrasse du Larzac,Domaine Vaïsse,Pur 100% Carignan,2015,20180629,Vaïsse,4,7.3,,29,2020,2022,2028,2030,,,
829,B,3,,Bo1,28,Bourgogne,Meursault,Domaine Bouchard,Perrières,2015,20180705,au Domaine,0,9.3,,0,2019,2020,2026,2027,via Samantha Luna Mendoza echangé contre 2018,,
830,B,3,,Bo1,15,Bourgogne,Puligny-Montrachet,Domaine Bouchard,,2016,20180705,au Domaine,3,5.0,,15,2019,2020,2026,2027,via Samantha Luna Mendoza,,
836,R,1,,D9,7,Alsace,Alsace,Domaine Trapet,La Chapelle  Pinot noir,2015,20180719,Carré des vins,2,7.3,,15,2018,2018,2023,2025+,,,
831,,1,,T5,25,Bourgogne,Clos de Vougeot,Domaine Bertagna,"1er cru ""Clos de la Perrière"" (Monopole)",2015,20180719,Carré des vins,1,25.0,,25,2020,2025,2035,2040,,,
832,,1,,T5,22,Bourgogne,Clos de Vougeot,Domaine Bertagna,"1er cru ""Les Petits Vougeot""",2015,20180719,Carré des vins,1,21.7,,22,2020,2023,2035,2040,,,
837,,3,,J1,15,Italie,Toscane,Tenuta San Guido,Le Difese,2015,20180719,Carré des vins,3,5.0,,15,2018,2020,2025,2030,,,
833,,1,,T1,8,Languedoc,Terrasse du Larzac,Domaine de Montcalmès,,2015,20180719,Carré des vins,1,8.3,,8,2019,2021,2031,2035+,,,
834,,1,,T1,11,Languedoc,Vin de pays de l'Hérault,La Térasse d'Elise,Les Hauts de Carol's,2015,20180719,Carré des vins,1,10.7,,11,2017,2019,2026,2028+,,,
834.1,,1,,A1,0,Languedoc,Vin de pays de l'Hérault,La Térasse d'Elise,"""XB""",2015,20180719,Carré des vins,1,0.0,,0,2017,2019,2026,2028+,,,
835.1,,5,,A1,25,Loire,Saumur-Champigny,Domaine Pierre-Adrien Vadé,Les Hauts Buts,2015,20180719,Carré des vins,1,5.0,,5,2018,2020,2025,2028,,,
838,B,0,,J1,0,Jura,Vin de France,Domaine Anne et Jean-François Ganevat,La Gravière 100% chardonnay,2015,20180826,Carré des vins,1,9.7,,10,2018,2018,2023,2025+,"Bue le  05022022 club vin . Frizant à l'ouverture, mais très appréciée cependant.",,
839,B,1,2,J1,23,Jura,Vin de France,Domaine Ganevat Anne et Jean-François ,La Gravière 100% chardonnay,2015,20180826,Carré des vins,1,23.0,,23,2018,2018,2023,2025+,Chardonnay,,
840,B,1,,J1,10,Jura,Vin de France,Domaine Ganevat Anne et Jean-François ,Les Cèdres,2015,20180826,Carré des vins,1,10.0,,10,2018,2018,2023,2025+,Chardonnay,,
841,B,1,,J1,9,Jura,Vin de France,Domaine Ganevat Anne et Jean-François ,La Champs poids,2015,20180826,Carré des vins,1,9.3,,9,2018,2018,2023,2025+,Chardonnay,,
842,,1,2,L5,13,Jura,Vin de France,Domaine Ganevat Anne et Jean-François ,Le Jaja du Ben,2015,20180826,Carré des vins,1,13.0,,13,2018?,2018,2025,2026+,,,
843,,2,,J1,13,Jura,Vin de France,Domaine Ganevat Anne et Jean-François ,Madelon,2015,20180826,Carré des vins,2,6.7,,13,2018,2018,2024,2026,,,
844,,1,2,Bo1,23,Loire,Chinon,Domaine Charles Joguet,Clos de la Dioterie,2015,20181003,Idealwine,1,23.3,,23,,,,,"Une merveille : si on avait à définir le chinon idéal, ce serait celui là. Un raffinement floral digne d’un grand cru de pinot noir et un grain de tannin souple et parfaitement intégré à la texture. Long, avec un vrai rebond en bouche, un vin exceptionnel. 18/20 Bettane janvier 2020",,
845,,1,,B5,20,Provence,Bandol,Domaine Tempier,La Migoua,2016,20181023,Carré des vins,1,20.0,,20,2020,2026,2036,2042+,,,
846,,1,,B5,20,Provence,Bandol,Domaine Tempier,La Tourtine,2016,20181023,Carré des vins,1,20.0,,20,2020,2026,2036,2040+,,,
848,,3,,S3,55,Rhône,Côte-Rotie,Domaine Jean-Michel Gérin,La viallière,2016,20181103,Carré des vins,3,18.3,,55,2020,2026,2032,2036,,,
849,,2,,S3,8,Rhône,Vin de France Syrah,Domaine Jean-Michel Gérin,La Champine,2016,20181103,Carré des vins,3,4.0,,12,2018,2018,2022,2024,1b bue chez S.Toulon 070421. Viandé. Très apprécié par Benoit.,,
850,,0,,0,0,Languedoc,(IGP) Côtes de Thongue,Domaine des Capriers,Les Larmes d'Ema,2017,20181105,1jour1vin,2,3.0,,6,2018,2018,2020,2021,,,
852,,3,,A1,30,Rhône,Chateauneuf-du-Pape,Domaine des Sénéchaux,Rouge,2015,20181105,1jour1vin,3,10.0,,30,2018,2021,2030,2035,,,
851,B,1,,A1,8,Rhône,Chateauneuf-du-Pape,Domaine des Sénéchaux,Blanc,2017,20181105,1jour1vin,2,8.3,,17,2018,2018,2021,2022,1b bue avec Benoit et Aude le 27 nov 2021. Bien appréciée.,,
853,,3,,A3,10,Sud-Ouest,Madiran,Domaine Sergent,Cuvée chêne rouge,2015,20181105,1jour1vin,3,3.3,,10,2018,2018,2022,2024,,,
859,,1,2,T1,41,Provence,Bandol,Domaine Tempier,La Tourtine,2016,20181114,VcommeVin,1,40.8,,41,2020,2026,2036,2040+,,,
860,,1,2,T1,41,Provence,Bandol,Domaine Tempier,La Migoua,2016,20181114,VcommeVin,1,40.8,,41,2020,2026,2036,2042+,,,
861,,1,2,B5,58,Provence,Bandol,Domaine Tempier,Cabassaou,2016,20181114,VcommeVin,1,57.8,,58,2022,2023,2042,2046+,voir fiche du 23/10/18,,
863,,2,,T4,18,Beaujolais ,Chirouble,Domaine Jules Métras,Chirouble 2016,2016,20181222,Carré des vins,2,9.2,,18,2018,2020,2028,2030,,,
865,,2,,L1,13,Beaujolais ,Fleurie,Les Bertrand,Cuvée du Chaos,2017,20181222,Carré des vins,3,6.7,,20,2018,2019,2027,2029,,,
862,,2,,L1,9,Beaujolais ,Morgon,Domaine Jean Foillard,Morgon 2016,2016,20181222,Carré des vins,3,4.6,,14,2018,2018,2022,2024,,,
864,,2,,L1,12,Beaujolais ,Morgon,Domaine Marcel Lapierre,Morgon 2017,2017,20181222,Carré des vins,3,6.0,,18,2018,2019,2029,2032+,,,
866,,3,,S3,23,Rhône,Chateauneuf-du-Pape,Domaine de la Solitude,Rouge ,2015,20190113,Ce Perrine Pozzi,3,7.7,,23,2018,2020,2025,2028,,,
868,B,2,,S1,11,Jura,Arbois,Domaine Rijckaert,En Paradis,2017,20190119,1jour1vin,2,5.6,,11,2019,2019,2022,2024,Chardonnay,,
867,B,1,,G1,5,Jura,Côtes du Jura,Domaine Rijckaert,Les Sarres,2017,20190119,1jour1vin,1,5.3,,5,2019,2019,2022,2022,Chardonnay,,
869,B,2,,L1,11,Jura,Côtes du Jura,Domaine Rijckaert,Vignes des Voises Vieilles Vignes ,2017,20190119,1jour1vin,2,5.6,,11,2019,2019,2022,2023,Chardonnay,,
870,,2,,S1,4,Languedoc,Terrasse du Larzac,Mas de Daumas Gassac,(IGP) Ghilhem,2017,20190119,1jour1vin,3,2.0,,6,2019,2019,2020,2020,,,
871,,1,2,Bo3,45,Rhône,Vin de Pays des Alpilles ,Domaine de Trévallon ,Rouge,2015,20190124,Carré des vins,1,45.0,,45,2020,2025,2045,2050+,,,
872,,1,2,Bo3,45,Rhône,Vin de Pays des Alpilles  ,Domaine de Trévallon,Rouge,2015,20190205,Carré des vins,1,45.0,,45,2020,2025,2045,2050+,,,
876,B,1,,J1,43,Jura,Côtes du Jura,Domaine Ganevat Jean-François ,Vin Jaune,2008,20190221,Carré des vins,1,43.0,,43,2020,2028,2058,longtemps,,,
875,B,1,,J1,15,Jura,Vin de France,Domaine Ganevat Jean-François ,Grusse en Billat,2015,20190221,Carré des vins,2,15.0,,30,2019,2019,2025,2028+,Chardonnay,,
877,B doux,1,0.67,T2,23,Afrique du Sud,Vin de Constance,Domaine Klein Constantia,Vin de Constance,2015,20190402,Idealwine,1,23.0,,23,2020,2030,2050,longtemps,Muscat de Frontignan,,
878,,1,,L3,6,Beaujolais ,Morgon,Domaine Marcel Lapierre,Morgon 2018,2018,20190416,Carré des vins,1,6.2,,6,2019,2020,2030,2033+,,,
879,,2,2,Bo1,26,Beaujolais ,Morgon,Domaine Marcel Lapierre,Morgon 2018,2018,20190416,Carré des vins,2,13.0,,26,2019,2020,2030,2033+,,,
879.2,,3,,B4,96,Bordeaux,Pessac-Léognan,Château Les Carmes-Haut-Brion,,2018,20190507,Lavinia,3,32.0,,96,2024,2025,2038,2045,Achat primeur,,
879.1,,3,,B4,101,Bordeaux,Saint-Estèphe,Château Calon-Segur,,2018,20190507,Lavinia,3,33.6,,101,2024,2025,2038,2045,Achat primeur,,
934,,0,,,0,Loire,Menetou-Salon,Domaine Philippe Gilbert,"""Les Renardières"" Rouge",2005,20190601,cadeau,1,8.3,,8,2007,2005,2014,2020,cadeau d'Antoine Guigon. Bu avec FXP le 4 mai 2021. Très bonne facture.,,
882,,6,,Bo2,28,Rhône,IGP Côteaux de l'Ardèche,Château de la Selve,Beau Lieu,2016,20190608,au domaine,6,4.7,,28,2019,2019,2025,2030+,,,
883,Rosé,1,,A2,5,Rhône,IGP Côteaux de l'Ardèche,Château de la Selve,L'audacieuse,2017,20190608,au domaine,1,5.4,,5,2019,2019,2021,,,,
884,B doux,1,,G1,7,Rhône,IGP Côteaux de l'Ardèche,Château de la Selve,Solera MMXI,2017,20190608,au domaine,1,7.1,,7,2019,2025,2040,,Viognier,,
886,,1,,M3,14,Rhône,Chateauneuf-du-Pape,Domaine de la Solitude,Barberini Rouge,2016,20190609,au domaine,1,14.0,,14,2020,2020,2031,,allocation,,
890,,1,,M3,16,Rhône,Chateauneuf-du-Pape,Domaine de la Solitude,Cornelia Constanza,2017,20190609,au domaine,1,16.0,,16,2019,2019,2034,,allocation,,
889,,2,,M3,14,Rhône,Chateauneuf-du-Pape,Domaine de la Solitude,Tradition rouge ,2017,20190609,au domaine,2,7.0,,14,,,,,allocation,,
885,B,3,,B1,42,Rhône,Chateauneuf-du-Pape,Domaine de la Solitude,Barberini Blanc,2016,20190609,au domaine,3,14.0,,42,2017,2019,2025,2025+,,,
888,B,2,,M3,15,Rhône,Chateauneuf-du-Pape,Domaine de la Solitude,Tradition blanc,2018,20190609,au domaine,2,7.7,,15,,,,,allocation,,
894,,1,,L3,2,Italie,Cantina Cinque Terre,Muretti Rosso,Rouge,,20190622,cadeau,1,2.0,,2,2019,2019,2021,,cadeau Krouch,,
891,,1,2,T3,13,Loire,Chinon,Domaine Couly-Duteil,Clos de l'Echo,2011,20190622,cadeau,1,13.3,,13,2019,2025,2035,,cadeau Catherine Ronssin,,
898,B doux,5,,M2,0,Loire,Vouvray,Domaine Huet,Clos des Volets Verts,2018,20190622,cadeau,6,0.0,,0,2019,2019,2025,,cadeau Franck et Patrice Tarbé. 1b bue chez Myriam 15/01/2022. Effervescent melleux c'est pas mon truc!,,
892,,3,,L2,33,Provence,Bandol,Château de Pibarnon,Rouge,2014,20190622,cadeau,3,11.0,,33,2020,2021,2027,,cadeau Henri et Sophie Taborin,,
893,,3,,L2,35,Provence,Bandol,Château de Pibarnon,Rouge,2015,20190622,cadeau,3,11.7,,35,2020,2022,2030,,cadeau Henri et Sophie Taborin,,
897,,1,,J2,0,Suisse,rouge,,Gamaret-Garanoir,,20190622,cadeau,1,0.0,,0,2019,2019,2021,,cadeau L&JP Bicot,,
895,,1,,J2,0,Suisse,,Domaine J&M Dizenens SA-Lutry,Diolinoir,2016,20190622,cadeau,1,0.0,,0,2019,2019,2021,,cadeau L&JP Bicot,,
896,B,0,,J2,0,Suisse,,Domaine Moulin-La Vignette - Lutry,Blanc ,2017,20190622,cadeau,1,0.0,,0,2019,,2021,,cadeau L&JP Bicot. Bue avec F&V le11/11/21. Gentillet honnête. 4/10 ,,
899,,24,,S5,62,Bordeaux,Cru Bourgeois,Château Fleur La Mothe,,2018,20190712,au domaine,24,2.6,,62,2022,,2025-2035,,Primeur via Antoine Guigon,,
942,,1,,Bo4,6,Languedoc,Pic-Saint-Loup,Domaine Mirabel,"""les Eclats""",2017,20190801,au Domaine,1,6.0,,6,2021,2022,2024,2025,,,
901,,2,,T3,18,Bourgogne,Hautes-Côtes-de-Nuits,Domaine Gros Frère et Sœur,,2017,20190901,Carré des vins,2,9.2,,18,2019,2022,2025,2027+,,,
900,,8,,L1,27,Languedoc,Minervois,Domaine de Courbissac,Les Traverses,2017,20190901,Carré des vins,10,3.3,,33,2019,2019,2022,2025,,,
905,B,1,,A5,10,Bordeaux,Pessac-Léognan,Château Latour-Martillac,Blanc,2015,20191004,E. Leclerc,1,9.5,,10,2019,2019,2025,,FAV,,
903,B,0,,,0,Bordeaux,Graves,Clos Floridène,,2016,20191004,E. Leclerc,1,5.5,,6,2019,2020,2022,,FAV_1b bue le 01/10/2021 avec D&C. Bien construit. Agréable.,,
904,B,1,,A5,5,Bordeaux,Graves,Château Chantegrive,Caroline,2018,20191004,E. Leclerc,1,5.3,,5,2019,2020,2022,,FAV,,
907,B,1,,D15,7,Jura,Côtes du Jura,Cave de La Muyre ,Vin Jaune,2010,20191004,E. Leclerc,1,6.7,,7,2019,2025,2040,,FAV,,
906,B,5,,D14 &D15,15,Jura,Côtes du Jura,Domaine Marcel  Cabelier,La côte 39,2018,20191004,E. Leclerc,5,3.0,,15,2019,2019,2025,,FAV,,
910,B,2,,D12,15,Jura,Château Chalon,Domaine Marcel Cabelier,Vin jaune,2009,20191018,Métro,1,7.7,,8,2019,2025,2040,,,,
911,,1,2,L1,22,Beaujolais ,Morgon,Domaine Marcel Lapierre,MMXVIII,2018,20191026,Carré des vins,1,22.0,,22,2021,2025,2033,2039+,,,
912,,1,2,L1,16,Beaujolais ,Morgon,Domaine Marcel Lapierre,Cuvée Camille,2018,20191026,Carré des vins,1,15.6,,16,2019,2019,2029,2033+,,,
915,B,1,,D14,25,Jura,Arbois - Vin Jaune,Domaine Stéphane Tissot ,"""La Mailloche""",2012,20191211,Idealwine,1,24.7,,25,2020,2020,2050,,,,
913,,1,,Bo3,16,Portugal,Porto,Domaine Quevedo,Colheita,1996,20191211,Idealwine,1,16.3,,16,2006,2010,2030,,,,
914,,1,,Bo3,16,Portugal,Porto,Domaine Taylor,Tawny 20 Old Year,,20191211,Idealwine,1,16.3,,16,2006,2010,2030,,,,
724.1,B,2,,K4,,Loire,Chenonceaux,Vignobles Dinocheau,"""Les Pionnières"" sauvignon",2015,20200101,,2,0.0,,,,,,,,,
918,,4,,G7,56,Roussillon,Maury,Domaine l'Archiviste,ambré,1987,20200116,Idealwine,4,14.0,,56,2020,2020,2040,,Grenache noir,,
919,,2,,M5,17,Rhône,Vin de table,Domaine Saladin,Haut Brissan,2018,20200217,au Domaine,2,8.3,,17,2022,2023,2028,,100% Grenache noir,,
920,,2,,M5,13,Rhône,Vin de table,Domaine Saladin,Chaveyron,2018,20200217,au Domaine,2,6.7,,13,2022,2023,2028,,95% Syrah - 5% Viognier,,
921,B,2,,M5,11,Rhône,Vin de table,Domaine Saladin,Per Ei,2018,20200217,au Domaine,2,5.7,,11,2022,2022,2025,,,,
923,,3,,J3,15,Rhône,IGP Ardèche,Mas de Libian,Khayyâm,2018,20200218,au Domaine,3,5.0,,15,2020,2020,2030,,75% Grenache 15% Mourvèdre 10% Syrah,,
924,,3,,J3,22,Rhône,IGP Ardèche,Mas de Libian,Calade,2018,20200218,au Domaine,3,7.3,,22,2020,2020,2030,,90% Mourvèdre 10% Grenache,,
922,B,5,,S4,25,Rhône,IGP Ardèche,Mas de Libian,Cave Vinum,2019,20200218,au Domaine,6,5.0,,30,2020,2020,2025,,en réservation,,
925,B,5,,T4,29,Rhône,Saint Peray,Domaine du Tunnel,100% Roussane ,2018,20200220,au Domaine,6,5.8,,35,2020,2022,2022,,bu chez Pic. 1b bue club vin 05022022 tès appréciée,,
926,,3,,S3,55,Portugal,Porto,Quinta Do Noval,Colheita,2005,20200329,Carre des Vins,3,18.3,,55,2020,2020,2025,2030+,,,
927,,1,2,Bo4,58,Bordeaux,Saint-Estèphe,Château Calon Ségur,,2019,20200611,Duclos,1,58.2,,58,,,,,Acheté en primeur - A livrer S1 2022,,
928,B doux,12,0.5,B2,79,Bordeaux,Sauternes- Barsac,Château  Coutet,,2019,20200611,Duclos,12,6.6,,79,,,,,Acheté en primeur - A livrer S1 2022,,
929,,1,2,B04,90,Bordeaux,Saint-Estèphe,Château Montrose,,2019,20200616,Duclos,1,90.0,,90,,,,,Acheté en primeur - A livrer S1 2022,,
930,B doux,12,0.5,B2,84,Bordeaux,Sauternes,Château  Rayne-Vignaud,,2019,20200625,Duclos,12,7.0,,84,,,,,Acheté en primeur - A livrer S1 2022,,
887.1,,1,,M5,15,Rhône,Chateauneuf-du-Pape,Domaine de la Solitude,Vin de la Solitude,2018,20200701,au domaine,1,15.0,,15,,,,,,,
890.1,,1,,M5,17,Rhône,Chateauneuf-du-Pape,Domaine de la Solitude,Cornelia Constanza,2018,20200701,au domaine,1,16.7,,17,2020,2020,2035,,allocation 2020,,
889.1,,2,,L2,15,Rhône,Chateauneuf-du-Pape,Domaine de la Solitude,Tradition rouge ,2018,20200701,au domaine,2,7.5,,15,,,,,allocation 2020,,
885.1,B,2,,M1,29,Rhône,Chateauneuf-du-Pape,Domaine de la Solitude,Barberini Blanc,2019,20200701,au domaine,2,14.3,,29,2020,2021,2021-2028,2028+,,,
888.1,B,2,,L2,15,Rhône,Chateauneuf-du-Pape,Domaine de la Solitude,Tradition blanc,2019,20200701,au domaine,2,7.5,,15,,,,,allocation 2020,,
929.1,,18,,A4,51,Bordeaux,Bordeaux,Château Marjosse,,2019,20200703,Duclos,18,2.8,,51,2023,2023,2027,2028,Acheté en primeur - A livrer S1 2022,,
899.1,,18,,S5,48,Bordeaux,Cru Bourgeois,Château Fleur La Mothe,,2019,20200806,au domaine,18,2.7,,48,2023,,2026-2036,,Primeur via Antoine Guigon,,
724.2,B,0,,,,Loire,Cheverny,Domaine de la desoucherie,sauvignon Chardonnay,2018,20201001,Nicolas,6,3.2,,19,,,,,,,
946,B,4,,L3,25,Bourgogne,Meursault,Domaine Bouchard&Fils,"""Les Clous""",2017,20201118,au Domaine,5,6.2,,31,2020,2021,2026,2028,acheté via Samantha Luna Mendoza,,
948,B,3,,Bo1,32,Bourgogne,Meursault,Domaine Bouchard&Fils,"""Les Gouttes d'Or"" 1er Cru",2018,20201118,au Domaine,3,10.6,,32,2021,2022,2027,2029,acheté via Samantha Luna Mendoza,,
949,B,4,,Bo3,42,Bourgogne,Meursault,Domaine Bouchard&Fils,"""Charmes"" 1er Cru",2018,20201118,au Domaine,4,10.6,,42,2021,2022,2027,2029,acheté via Samantha Luna Mendoza,,
947,B,6,,Bo1,70,Bourgogne,Meursault,Domaine Bouchard&Fils,"""Les Perrières"" 1er Cru",2018,20201118,au Domaine,6,11.6,,70,2021,2022,2027,2029,acheté via Samantha Luna Mendoza,,
950,B,10,0.5,L4,42,Champagne,Champagne,Domaine Henriot,Blanc de blanc,,20201118,au Domaine,10,4.2,,42,,,,,acheté via Samantha Luna Mendoza,,
951,,6,,A3,42,Sud-Ouest,Madiran,Château Montus,,2015,20201120,1jour1vin,6,7.0,,42,,,,,,,
954,B,2,,D13,11,Jura,Arbois,Domaine Marcel Cabellier,Vin Jaune,2011,20201215,Auchan,2,5.3,,11,2020,2030,2040,,,,
952,B,2,,J3,47,Jura,Arbois,Domaine StéphaneTissot ,"Vin Jaune ""W"" ",2011,20210103,Carré des vins,2,23.3,,47,2020,2031,2051,2070,,,
953,B,1,,J3,25,Jura,Arbois,Domaine Jacques Puffeney,Vin Jaune,2013,20210103,Carré des vins,1,24.7,,25,2020,2023,2063,2080,,,
964,B,1,,D10,6,Alsace,Alsace,Domaine Albert Mann,Pino Gris,2017,20210315,Chateaunet,1,5.7,,6,,,,,,,
961,B,1,,G15,7,Espagne,Jerez ,Domaine Williams & Humbert,Amontillado 12 ans,,20210315,Chateaunet,1,6.7,,7,,,,,,,
962,B,0,,,0,Jura,Crémant,Domaine Stéphane Tissot,,,20210315,Chateaunet,1,6.3,,6,2021,2021,2024,,Bue le 30 mai avec Fet V. Très bon,,
963,,6,,B4,23,Rhône,Vin de France Syrah,Domaine Jean-Michel Gérin,La Champine,2016,20210315,Chateaunet,6,3.8,,23,2020,2021,2023,,,,
965,B,1,,J1,12,Japon,Yamanashi,Domaine Grace Winery,Hishiyama Vineyard Private Reserve (100% Koshu),2019,20210328,1jour1vin,1,11.5,,12,2020,2021,2023,2023,,,
966,,3,,B4,10,Sud-Ouest,Fronton,Château Laurou,Délit d'Initiés (100% Négrette),2018,20210328,1jour1vin,3,3.3,,10,2020,2021,2024,2026,,,
967,,4,,B4,16,Sud-Ouest,Fronton,Château Laurou,Les Complices (50%Négrette+50%Syrah),2018,20210328,1jour1vin,4,4.0,,16,2020,2021,2024,2026,,,
970,B,0,,L5,0,Jura,Crémant du Jura,Domaine Stéphane Tissot,Crémant,-,20210429,Carré des vins,1,9.0,,9,2021,2021,2025,2027,,,
971,B,1,,L1,4,Languedoc,Minervois,Domaine de Courbissac,"""Les Traverses"" Blanc",2020,20210429,Carré des vins,1,3.9,,4,2021,2022,2025,2028,,,
972,B,1,,L1,5,Languedoc,Minervois,Domaine de Courbissac,"""L'orange""",2020,20210429,Carré des vins,1,5.0,,5,2021,2021,2025,2028,,,
969,,2,,L2,56,Rhône,Châteauneuf du Pape,Château de Beaucastel,Rouge,2018,20210429,Carré des vins,2,28.0,,56,2026,2032,2048,2058+,,,
968,B,1,,A1,28,Rhône,Châteauneuf du Pape,Château de Beaucastel,Blanc,2019,20210429,Carré des vins,1,28.0,,28,2021,2022,2027,2029+,,,
973,B doux,12,0.5,,120,Bordeaux,Sauternes,Château Suduiraut,,2020,20210522,Châteauprimeur,12,10.0,,120,2025,2030,2040,2050+,achat primeur livrable S1 2023,,
974,B doux,1,,K12,17,Loire,Vouvray,Domaine du Clos naudin,"Moelleux ""Réserve"" ",2018,20210905,Carré des vins,1,16.5,,17,2021,2028,2048,?,,,
975,B doux,2,,K12,40,Loire,Vouvray,Domaine du Clos naudin,"Moelleux ""Réserve"" ",2020,20210905,Carré des vins,2,19.8,,40,2024,2030,2050,?,,,
976,,3,,S1,36,Loire,Chinon,Domaine Charles Joguet,Clos du Chêne vert,2017,20211007,1jour1vin,3,12.0,,36,2022,2024,2030,2030+,,,
977,,3,,S1,40,Loire,Chinon,Domaine Charles Joguet,Clos de la Dioterie,2017,20211007,1jour1vin,3,13.3,,40,2024,2026,2030,2030+,,,
978,,6,,S5,36,Normandie,Poiré,Domaine Eric Bordelet,Poiré Granit,2020,20211007,1jour1vin,6,6.0,,36,2022,2022,2030,2030+,,,
981,B doux,1,0.67,D8,10,Alsace,Alsace,Domaine Albert Mann,Gewurztraminer Grand cru Furstentum Vendanges tradives,2018,20211121,1jour1vin,1,10.0,,10,,,,2028,,,
982,B doux,1,0.67,D8,9,Alsace,Alsace,Domaine Albert Mann,Pinot Gris Altenbourg Vendanges tardives,2016,20211121,1jour1vin,1,8.7,,9,,,,2026,,,
979,B doux,4,0.67,K4,17,Loire,Coteaux du Layon,Domaine des Deux Vallées,"""Clos de la motte""",2020,20211121,1jour1vin,4,4.3,,17,,,,2030+,,,
980,B doux,3,,K9,15,Loire,Coteaux du Layon Chaume,Domaine des Deux Vallées,Chaume 1er cru,2019,20211121,1jour1vin,3,5.0,,15,,,,2035+,,,
980.1,B,1,0.67,???,10,Jura,Côtes du Jura,Domaine Badoz,"Vin jaune ""Les Roussots""",2014,20211121,1jour1vin,1,10.0,,10,,,,,,,
984,B,2,,D8,57,Alsace,Alsace,Domaine Zind-Humbrecht,Riesling Rangen de Thann Clos St-Urbain,2018,20211202,1jour1vin,2,28.3,,57,2022,,,2045+,,,
983,B,2,,D8,57,Alsace,Alsace,Domaine Zind-Humbrecht,Pinot gris Rangen de Thann Clos St-Urbain,2019,20211202,1jour1vin,2,28.3,,57,2023,,,2040+,,,
985,,3,,T2,49,Loire,Chinon,Domaine Charles Joguet,Clos de la Dioterie,2015,20211203,Idealwine,3,16.3,,49,,2025,2030,2035,,,
988,B,1,,D14,32,Jura,Château-Chalon,Domaine Jean Macle,Savagnin,2013,20211223,Carré des vins,1,31.7,,32,2021,2023,2063,2063+,,,
986,B,1,,G2,14,Jura,Arbois,Domaine du Pélican,"Chardonnay ""En Barbi""",2018,20211223,Carré des vins,1,14.0,,14,2021,2022,2032,2034,,,
987,B,1,,G2,14,Jura,Arbois,Domaine du Pélican,"Savagnin ""Grand Curoulet""",2018,20211223,Carré des vins,1,14.0,,14,2021,2022,2032,2034,,,
989,B,6,,S2,37,Champagne,Champagne,Domaine Henriot,"""Souverain"" brut",,20220201,Au Domaine,6,6.2,,37,,,,,acheté via Vincent/Samantha,,
989,B,24,0.5,L5,81,Champagne,Champagne,Domaine Henriot,"""Souverain"" brut",,20220201,Au Domaine,24,3.4,,81,,,,,acheté via Vincent/Samantha,,
990,B,18,,L5,112,Champagne,Champagne,Domaine Henriot,"""Souverain"" brut",,20220201,Au Domaine,18,6.2,,112,,,,,acheté via Vincent/Samantha,,
991,B,2,,J2,17,Jura,Arbois,Domaine Lucien Aviet&Fils,"Melon à Queue Rouge ""Cuvée des Docteurs""",2020,20220308,Carré des vins,2,8.3,,17,2023,2023,2028,2030,,,
992,B,2,,D12,48,Jura,Arbois,Domaine Lucien Aviet&Fils,"Vin Jaune ""Cuvée de la Confrérie""",2013,20220308,Carré des vins,2,24.0,,48,2022,2023,2043,?,,,
994,B,2,,N13,11,Jura,Jura,Domaine Marcel Cabelier,Vin Jaune,2012,,,2,5.3,,11,2021,2031,2041,,,,
